qcode,country,age_bucket,yes_weighted,n_weighted
Q57,COL,45_59,0.03399,353.0
Q57,CYP,30_44,0.05690,244.0
Q57,TJK,30_44,0.19771,349.0
Q57,USA,18_29,0.33069,547.5
Q57,CZE,30_44,0.42802,350.0
Q57,ECU,18_29,0.07179,390.0
Q57,IND,30_44,0.18826,501.1
Q57,IRN,30_44,0.14505,586.0
Q57,RUS,30_44,0.23511,498.3
Q57,SRB,60_plus,0.12454,273.0
Q57,SVK,30_44,0.23580,340.9
Q57,THA,30_44,0.33440,407.2
Q57,JOR,30_44,0.13613,382.0
Q57,KOR,30_44,0.32372,312.0
Q57,MDV,30_44,0.25450,389.0
Q57,COL,60_plus,0.04712,191.0
Q57,TWN,18_29,0.29316,236.4
Q57,DEU,18_29,0.44167,240.0
Q57,GBR,30_44,0.42513,636.1
Q57,PRI,30_44,0.21862,247.0
Q57,SRB,45_59,0.14113,248.0
Q57,IRQ,18_29,0.11816,457.0
Q57,LBY,30_44,0.09198,424.0
Q57,MEX,18_29,0.11668,495.4
Q57,MMR,18_29,0.15951,326.0
Q57,BOL,30_44,0.07581,620.0
Q57,COL,18_29,0.04472,559.0
Q57,TWN,60_plus,0.32973,291.5
Q57,USA,45_59,0.35501,704.1
Q57,DEU,60_plus,0.43713,501.0
Q57,ECU,45_59,0.06224,241.0
Q57,EGY,30_44,0.07094,437.0
Q57,NZL,60_plus,0.60200,500.0
Q57,KAZ,30_44,0.23007,439.0
Q57,KEN,18_29,0.09599,698.0
Q57,MEX,60_plus,0.10617,297.1
Q57,AND,18_29,0.28481,158.0
Q57,CYP,60_plus,0.07998,284.0
Q57,TJK,60_plus,0.16456,158.0
Q57,CZE,60_plus,0.30900,357.2
Q57,ETH,18_29,0.12620,626.0
Q57,GBR,45_59,0.48070,607.0
Q57,IND,60_plus,0.12240,214.1
Q57,IRN,60_plus,0.21384,159.0
Q57,PER,18_29,0.04833,406.3
Q57,PRI,45_59,0.18868,265.0
Q57,RUS,60_plus,0.21245,420.6
Q57,SRB,30_44,0.14801,277.0
Q57,SVK,60_plus,0.19405,348.0
Q57,THA,60_plus,0.29630,268.4
Q57,JOR,60_plus,0.20603,199.0
Q57,KOR,60_plus,0.35971,278.0
Q57,LBY,45_59,0.08247,388.0
Q57,MNG,18_29,0.21716,490.8
Q57,AND,45_59,0.25078,319.0
Q57,BOL,60_plus,0.11787,263.0
Q57,TWN,30_44,0.34086,351.7
Q57,DEU,30_44,0.46048,291.0
Q57,ETH,45_59,0.11688,154.0
Q57,GBR,18_29,0.37977,420.7
Q57,NZL,30_44,0.61006,159.0
Q57,PER,45_59,0.04143,357.8
Q57,PRI,18_29,0.15196,204.0
Q57,IRQ,30_44,0.07105,380.0
Q57,LBY,18_29,0.07971,276.0
Q57,MEX,30_44,0.11306,532.1
Q57,MMR,30_44,0.11765,391.0
Q57,MNG,45_59,0.27721,387.0
Q57,ARG,60_plus,0.17650,226.6
Q57,CHL,60_plus,0.10532,227.4
Q57,CHN,18_29,0.67599,670.6
Q57,TUN,60_plus,0.20379,211.0
Q57,UKR,18_29,0.37681,179.4
Q57,ZWE,30_44,0.01316,380.0
Q57,IDN,60_plus,0.09499,374.0
Q57,NLD,18_29,0.61728,162.0
Q57,PAK,30_44,0.25081,925.0
Q57,PHL,45_59,0.07307,323.7
Q57,ROU,18_29,0.09985,270.6
Q57,SGP,18_29,0.32531,319.9
Q57,MAC,45_59,0.38624,189.0
Q57,ARG,45_59,0.18560,219.5
Q57,ARM,18_29,0.06000,256.9
Q57,AUS,30_44,0.53770,483.9
Q57,BGD,30_44,0.11211,446.0
Q57,BRA,30_44,0.06051,487.9
Q57,CAN,30_44,0.42049,991.8
Q57,CHL,45_59,0.14384,223.6
Q57,TUN,45_59,0.10492,305.0
Q57,UZB,18_29,0.36831,467.0
Q57,VEN,30_44,0.15818,373.0
Q57,GRC,18_29,0.14067,208.9
Q57,GTM,18_29,0.17774,602.0
Q57,IDN,45_59,0.04325,750.0
Q57,NIC,18_29,0.03596,445.0
Q57,PHL,60_plus,0.02963,229.1
Q57,KGZ,30_44,0.13318,408.4
Q57,LBN,30_44,0.10963,374.0
Q57,MYS,30_44,0.21656,471.0
Q57,ARG,30_44,0.20309,255.1
Q57,AUS,45_59,0.51573,432.8
Q57,BGD,45_59,0.14961,254.0
Q57,BRA,45_59,0.05409,424.0
Q57,CAN,45_59,0.44303,1055.1
Q57,CHL,30_44,0.15796,320.2
Q57,TUN,30_44,0.15691,376.0
Q57,VEN,45_59,0.11154,260.0
Q57,ZWE,60_plus,0.03448,174.0
Q57,HKG,18_29,0.44836,351.8
Q57,IDN,30_44,0.03868,1202.5
Q57,NGA,18_29,0.15489,637.5
Q57,KGZ,45_59,0.11487,279.7
Q57,LBN,45_59,0.09459,296.0
Q57,MYS,45_59,0.19764,339.0
Q57,AUS,60_plus,0.49446,476.3
Q57,BRA,60_plus,0.06814,338.2
Q57,CAN,60_plus,0.55869,1217.5
Q57,TUR,18_29,0.15396,695.0
Q57,URY,18_29,0.11970,222.9
Q57,VNM,18_29,0.25272,368.0
Q57,ZWE,45_59,0.01299,231.0
Q57,PAK,45_59,0.20489,327.0
Q57,PHL,30_44,0.04459,382.3
Q57,KGZ,60_plus,0.13710,159.5
Q57,LBN,60_plus,0.10180,167.0
Q57,MAC,30_44,0.47917,192.0
Q57,MAR,18_29,0.16708,407.0
Q57,ARM,30_44,0.07272,371.5
Q57,AUS,18_29,0.39963,386.7
Q57,BGD,18_29,0.14496,407.0
Q57,BRA,18_29,0.08867,412.9
Q57,CAN,18_29,0.41326,753.6
Q57,URY,60_plus,0.14268,282.7
Q57,UZB,30_44,0.32589,448.0
Q57,VEN,18_29,0.13318,428.0
Q57,GRC,30_44,0.08050,323.0
Q57,GTM,30_44,0.20056,354.0
Q57,HKG,45_59,0.37317,605.3
Q57,NIC,30_44,0.04557,395.0
Q57,JPN,30_44,0.29091,275.0
Q57,KGZ,18_29,0.13198,342.7
Q57,LBN,18_29,0.09091,363.0
Q57,MYS,18_29,0.17422,419.0
Q57,AND,30_44,0.22772,303.0
Q57,TWN,45_59,0.26638,342.7
Q57,USA,60_plus,0.47086,707.2
Q57,DEU,45_59,0.49333,450.0
Q57,ECU,60_plus,0.07059,170.0
Q57,ETH,30_44,0.11750,400.0
Q57,NZL,45_59,0.61597,263.0
Q57,PER,30_44,0.04147,437.8
Q57,SRB,18_29,0.25877,228.0
Q57,IRQ,45_59,0.14286,231.0
Q57,MEX,45_59,0.08038,411.8
Q57,MMR,45_59,0.15909,352.0
Q57,MNG,30_44,0.28664,599.4
Q57,ARM,60_plus,0.10902,300.7
Q57,CHN,45_59,0.59063,937.6
Q57,TUR,30_44,0.14359,780.0
Q57,UKR,45_59,0.28586,315.7
Q57,URY,30_44,0.17863,272.0
Q57,VNM,30_44,0.28879,464.0
Q57,GRC,60_plus,0.07407,363.7
Q57,NLD,45_59,0.58421,570.0
Q57,PHL,18_29,0.06271,262.9
Q57,ROU,45_59,0.09980,303.4
Q57,SGP,45_59,0.38525,579.6
Q57,JPN,60_plus,0.42021,564.0
Q57,MAC,18_29,0.43223,273.0
Q57,MAR,30_44,0.14135,474.0
Q57,BOL,18_29,0.08223,754.0
Q57,COL,30_44,0.05516,417.0
Q57,CYP,45_59,0.05303,229.3
Q57,TJK,45_59,0.19420,345.0
Q57,CZE,45_59,0.30204,265.7
Q57,EGY,18_29,0.06169,308.0
Q57,GBR,60_plus,0.55813,767.9
Q57,IND,45_59,0.20806,321.2
Q57,IRN,45_59,0.17470,332.0
Q57,PRI,60_plus,0.16080,398.0
Q57,RUS,45_59,0.22657,424.8
Q57,SVK,45_59,0.20580,306.3
Q57,THA,45_59,0.32474,433.8
Q57,JOR,45_59,0.17697,356.0
Q57,KAZ,18_29,0.25000,288.0
Q57,KEN,30_44,0.07543,411.0
Q57,KOR,45_59,0.35381,407.0
Q57,MDV,45_59,0.22283,184.0
Q57,AND,60_plus,0.28054,221.0
Q57,BOL,45_59,0.08780,410.0
Q57,CYP,18_29,0.07857,218.9
Q57,TJK,18_29,0.24425,348.0
Q57,USA,30_44,0.31481,626.0
Q57,CZE,18_29,0.46177,218.0
Q57,ECU,30_44,0.03723,376.0
Q57,EGY,45_59,0.07945,365.0
Q57,IND,18_29,0.15374,541.6
Q57,IRN,18_29,0.10740,419.0
Q57,PER,60_plus,0.02908,194.1
Q57,RUS,18_29,0.26850,418.5
Q57,SVK,18_29,0.26094,196.8
Q57,THA,18_29,0.25000,307.0
Q57,JOR,18_29,0.13514,259.0
Q57,KAZ,45_59,0.23295,352.0
Q57,KOR,18_29,0.26210,248.0
Q57,MDV,18_29,0.13960,351.0
Q57,MNG,60_plus,0.25511,156.4
Q57,ARG,18_29,0.23400,255.7
Q57,ARM,45_59,0.09839,292.2
Q57,CHL,18_29,0.10767,206.8
Q57,CHN,60_plus,0.61390,466.4
Q57,TUN,18_29,0.11828,279.0
Q57,UKR,60_plus,0.31528,351.6
Q57,UZB,45_59,0.33178,214.0
Q57,GRC,45_59,0.06495,293.4
Q57,GTM,45_59,0.14428,201.0
Q57,HKG,30_44,0.40032,503.9
Q57,IDN,18_29,0.03886,873.0
Q57,NGA,30_44,0.11621,444.1
Q57,NIC,45_59,0.05830,223.0
Q57,NLD,60_plus,0.65707,799.0
Q57,ROU,60_plus,0.12336,350.2
Q57,SGP,60_plus,0.26781,507.6
Q57,JPN,45_59,0.36741,313.0
Q57,CHN,30_44,0.67594,938.1
Q57,TUR,45_59,0.12621,824.0
Q57,UKR,30_44,0.29146,409.0
Q57,URY,45_59,0.13497,215.9
Q57,VNM,45_59,0.29153,295.0
Q57,ZWE,18_29,0.02588,425.0
Q57,HKG,60_plus,0.27811,585.0
Q57,NLD,30_44,0.56098,410.0
Q57,PAK,18_29,0.23756,623.0
Q57,ROU,30_44,0.13850,300.8
Q57,SGP,30_44,0.38658,591.5
Q57,MAR,45_59,0.16964,224.0
Q65,COL,45_59,0.40510,353.0
Q65,CYP,30_44,0.60909,244.3
Q65,TJK,30_44,0.87273,330.0
Q65,USA,18_29,0.65357,544.0
Q65,CZE,30_44,0.53080,341.8
Q65,ECU,18_29,0.62660,391.0
Q65,IND,30_44,0.87189,497.1
Q65,IRN,30_44,0.91453,585.0
Q65,JOR,30_44,0.93473,383.0
Q65,KOR,30_44,0.50000,312.0
Q65,MDV,30_44,0.73214,392.0
Q65,RUS,30_44,0.73301,486.0
Q65,SRB,60_plus,0.73485,264.0
Q65,SVK,30_44,0.58542,333.7
Q65,THA,30_44,0.64301,393.9
Q65,BOL,45_59,0.30250,400.0
Q65,CYP,18_29,0.50385,219.4
Q65,TJK,18_29,0.89645,338.0
Q65,USA,30_44,0.80586,616.0
Q65,CZE,18_29,0.57595,203.2
Q65,ECU,30_44,0.58684,380.0
Q65,IND,18_29,0.88149,541.0
Q65,IRN,18_29,0.90647,417.0
Q65,JOR,18_29,0.89655,261.0
Q65,KAZ,45_59,0.80392,357.0
Q65,KOR,18_29,0.47177,248.0
Q65,MDV,18_29,0.73011,352.0
Q65,PER,60_plus,0.41993,193.5
Q65,RUS,18_29,0.69808,416.7
Q65,SVK,18_29,0.57309,189.0
Q65,THA,18_29,0.53261,321.0
Q65,ARG,60_plus,0.44829,216.3
Q65,CHL,60_plus,0.56500,230.3
Q65,CHN,18_29,0.92483,673.5
Q65,TUN,60_plus,0.77033,209.0
Q65,UKR,18_29,0.77489,181.3
Q65,ZWE,30_44,0.47493,379.0
Q65,IDN,60_plus,0.94720,361.9
Q65,MAC,45_59,0.72396,192.0
Q65,PAK,30_44,0.92803,931.0
Q65,PHL,45_59,0.75729,325.1
Q65,ROU,18_29,0.63499,258.2
Q65,SGP,18_29,0.79458,321.0
Q65,ARG,45_59,0.35880,218.6
Q65,ARM,18_29,0.70180,252.7
Q65,AUS,30_44,0.81123,482.9
Q65,BGD,30_44,0.89569,441.0
Q65,BRA,30_44,0.59782,480.6
Q65,CAN,30_44,0.68982,991.8
Q65,CHL,45_59,0.46685,231.5
Q65,TUN,45_59,0.72727,308.0
Q65,UZB,18_29,0.93443,488.0
Q65,VEN,30_44,0.20375,373.0
Q65,GRC,18_29,0.73856,205.1
Q65,GTM,18_29,0.24585,602.0
Q65,IDN,45_59,0.89516,745.1
Q65,KGZ,30_44,0.71623,405.8
Q65,LBN,30_44,0.87166,374.0
Q65,MYS,30_44,0.77495,471.0
Q65,NIC,18_29,0.22697,445.0
Q65,PHL,60_plus,0.75732,229.1
Q65,ARM,60_plus,0.75758,298.3
Q65,CHN,45_59,0.96916,940.7
Q65,TUR,30_44,0.86220,791.0
Q65,UKR,45_59,0.72944,305.5
Q65,URY,30_44,0.50988,268.7
Q65,VNM,30_44,0.93407,455.0
Q65,GRC,60_plus,0.92259,367.3
Q65,JPN,60_plus,0.89408,557.0
Q65,MAC,18_29,0.60351,285.0
Q65,MAR,30_44,0.53586,474.0
Q65,NLD,45_59,0.61804,521.0
Q65,PHL,18_29,0.75789,263.5
Q65,ROU,45_59,0.78185,300.5
Q65,SGP,45_59,0.85001,569.2
Q65,ARG,30_44,0.36351,261.6
Q65,AUS,45_59,0.85911,434.4
Q65,BGD,45_59,0.90980,255.0
Q65,BRA,45_59,0.63047,405.8
Q65,CAN,45_59,0.76728,1055.1
Q65,CHL,30_44,0.43564,323.4
Q65,TUN,30_44,0.72021,386.0
Q65,VEN,45_59,0.21154,260.0
Q65,ZWE,60_plus,0.74419,172.0
Q65,HKG,18_29,0.54033,350.8
Q65,IDN,30_44,0.87353,1199.8
Q65,KGZ,45_59,0.71081,275.1
Q65,LBN,45_59,0.90847,295.0
Q65,MYS,45_59,0.65976,338.0
Q65,NGA,18_29,0.54161,638.4
Q65,AUS,60_plus,0.90486,477.0
Q65,BRA,60_plus,0.71979,318.7
Q65,CAN,60_plus,0.85610,1217.5
Q65,TUR,18_29,0.85857,700.0
Q65,URY,18_29,0.48257,222.5
Q65,VNM,18_29,0.93315,359.0
Q65,ZWE,45_59,0.54667,225.0
Q65,KGZ,60_plus,0.76422,158.0
Q65,LBN,60_plus,0.92216,167.0
Q65,MAC,30_44,0.71503,193.0
Q65,MAR,18_29,0.57985,407.0
Q65,PAK,45_59,0.94190,327.0
Q65,PHL,30_44,0.78260,382.3
Q65,CHN,30_44,0.94950,943.7
Q65,TUR,45_59,0.86336,827.0
Q65,UKR,30_44,0.70223,400.0
Q65,URY,45_59,0.57360,207.4
Q65,VNM,45_59,0.93080,289.0
Q65,ZWE,18_29,0.44550,422.0
Q65,HKG,60_plus,0.67626,549.1
Q65,MAR,45_59,0.60268,224.0
Q65,NLD,30_44,0.62842,366.0
Q65,PAK,18_29,0.94847,621.0
Q65,ROU,30_44,0.62427,297.9
Q65,SGP,30_44,0.82388,588.9
Q65,ARM,30_44,0.72534,364.5
Q65,AUS,18_29,0.71332,386.7
Q65,BGD,18_29,0.91155,407.0
Q65,BRA,18_29,0.60744,410.7
Q65,CAN,18_29,0.60155,753.6
Q65,URY,60_plus,0.59813,275.9
Q65,UZB,30_44,0.91630,454.0
Q65,VEN,18_29,0.17523,428.0
Q65,GRC,30_44,0.73732,320.0
Q65,GTM,30_44,0.20056,354.0
Q65,HKG,45_59,0.50776,592.7
Q65,JPN,30_44,0.85985,264.0
Q65,KGZ,18_29,0.67533,339.8
Q65,LBN,18_29,0.89256,363.0
Q65,MYS,18_29,0.82100,419.0
Q65,NIC,30_44,0.18987,395.0
Q65,COL,60_plus,0.39791,191.0
Q65,TWN,18_29,0.65400,236.4
Q65,DEU,18_29,0.61818,220.0
Q65,GBR,30_44,0.79125,629.6
Q65,IRQ,18_29,0.71459,466.0
Q65,LBY,30_44,0.46714,426.0
Q65,MEX,18_29,0.47961,494.5
Q65,MMR,18_29,0.30982,326.0
Q65,PRI,30_44,0.59109,247.0
Q65,SRB,45_59,0.59438,249.0
Q65,BOL,30_44,0.24673,612.0
Q65,COL,18_29,0.38640,559.0
Q65,TWN,60_plus,0.76063,277.6
Q65,USA,45_59,0.86544,699.3
Q65,DEU,60_plus,0.56897,464.0
Q65,ECU,45_59,0.54132,242.0
Q65,KAZ,30_44,0.85045,448.0
Q65,KEN,18_29,0.57061,701.0
Q65,MEX,60_plus,0.54031,291.8
Q65,NZL,60_plus,0.87627,493.0
Q65,TWN,45_59,0.62533,336.2
Q65,USA,60_plus,0.89134,706.1
Q65,DEU,45_59,0.55149,437.0
Q65,ECU,60_plus,0.59302,172.0
Q65,ETH,30_44,0.76726,391.0
Q65,IRQ,45_59,0.69915,236.0
Q65,MEX,45_59,0.50761,409.8
Q65,MMR,45_59,0.34943,352.0
Q65,MNG,30_44,0.47525,549.8
Q65,NZL,45_59,0.87833,263.0
Q65,PER,30_44,0.33624,436.3
Q65,SRB,18_29,0.66372,226.0
Q65,BOL,60_plus,0.35907,259.0
Q65,TWN,30_44,0.56571,350.1
Q65,DEU,30_44,0.61538,286.0
Q65,GBR,18_29,0.69104,413.3
Q65,IRQ,30_44,0.69689,386.0
Q65,LBY,18_29,0.35106,282.0
Q65,MEX,30_44,0.51325,531.3
Q65,MMR,30_44,0.30691,391.0
Q65,MNG,45_59,0.46314,350.9
Q65,NZL,30_44,0.80132,151.0
Q65,PER,45_59,0.31159,349.8
Q65,PRI,18_29,0.48039,204.0
Q65,CYP,60_plus,0.74458,274.7
Q65,TJK,60_plus,0.92810,153.0
Q65,CZE,60_plus,0.50009,342.2
Q65,ETH,18_29,0.74959,615.0
Q65,GBR,45_59,0.85117,601.1
Q65,IND,60_plus,0.86007,202.9
Q65,IRN,60_plus,0.96795,156.0
Q65,JOR,60_plus,0.98995,199.0
Q65,KOR,60_plus,0.62950,278.0
Q65,LBY,45_59,0.54922,386.0
Q65,MNG,18_29,0.48095,454.4
Q65,PER,18_29,0.38510,406.3
Q65,PRI,45_59,0.56654,263.0
Q65,RUS,60_plus,0.83682,422.5
Q65,SRB,30_44,0.53506,271.0
Q65,SVK,60_plus,0.62789,334.6
Q65,THA,60_plus,0.66524,257.3
Q65,BOL,18_29,0.25603,746.0
Q65,COL,30_44,0.37170,417.0
Q65,CYP,45_59,0.66448,224.0
Q65,TJK,45_59,0.87463,335.0
Q65,CZE,45_59,0.56170,254.4
Q65,GBR,60_plus,0.89546,768.9
Q65,IND,45_59,0.84527,317.7
Q65,IRN,45_59,0.94495,327.0
Q65,JOR,45_59,0.98028,355.0
Q65,KAZ,18_29,0.82392,301.0
Q65,KEN,30_44,0.61557,411.0
Q65,KOR,45_59,0.54791,407.0
Q65,MDV,45_59,0.75936,187.0
Q65,PRI,60_plus,0.60599,401.0
Q65,RUS,45_59,0.82062,433.2
Q65,SVK,45_59,0.59693,304.0
Q65,THA,45_59,0.61112,419.9
Q65,ARG,18_29,0.32825,250.8
Q65,ARM,45_59,0.68226,287.9
Q65,CHL,18_29,0.42283,208.0
Q65,CHN,60_plus,0.97732,467.5
Q65,TUN,18_29,0.73239,284.0
Q65,UKR,60_plus,0.78730,339.5
Q65,UZB,45_59,0.88479,217.0
Q65,GRC,45_59,0.81480,291.1
Q65,GTM,45_59,0.22388,201.0
Q65,HKG,30_44,0.49933,505.8
Q65,IDN,18_29,0.89667,872.4
Q65,JPN,45_59,0.85714,308.0
Q65,NGA,30_44,0.54960,443.5
Q65,NIC,45_59,0.26009,223.0
Q65,NLD,60_plus,0.63281,768.0
Q65,ROU,60_plus,0.82039,346.7
Q65,SGP,60_plus,0.85023,497.9
Q71,AND,30_44,0.45847,301.0
Q71,IRQ,45_59,0.20796,226.0
Q71,MEX,45_59,0.14631,412.6
Q71,MMR,45_59,0.81818,352.0
Q71,MNG,30_44,0.36849,577.3
Q71,TWN,45_59,0.49782,342.7
Q71,USA,60_plus,0.41653,708.9
Q71,DEU,45_59,0.39955,448.0
Q71,ECU,60_plus,0.29762,168.0
Q71,ETH,30_44,0.67677,396.0
Q71,NZL,45_59,0.53906,256.0
Q71,PER,30_44,0.08223,434.1
Q71,SRB,18_29,0.21182,203.0
Q71,COL,45_59,0.14731,353.0
Q71,CYP,30_44,0.34194,242.2
Q71,IRN,30_44,0.51286,583.0
Q71,JOR,30_44,0.42271,317.0
Q71,KOR,30_44,0.50641,312.0
Q71,MDV,30_44,0.32143,392.0
Q71,TJK,30_44,0.89595,346.0
Q71,USA,18_29,0.24783,543.7
Q71,CZE,30_44,0.38664,349.9
Q71,ECU,18_29,0.35459,392.0
Q71,IND,30_44,0.65728,495.3
Q71,RUS,30_44,0.47565,489.7
Q71,SRB,60_plus,0.32955,264.0
Q71,SVK,30_44,0.25000,340.5
Q71,THA,30_44,0.58601,397.6
Q71,COL,60_plus,0.19895,191.0
Q71,IRQ,18_29,0.17802,455.0
Q71,LBY,30_44,0.27251,411.0
Q71,MEX,18_29,0.16690,495.7
Q71,MMR,18_29,0.78221,326.0
Q71,TWN,18_29,0.55458,234.8
Q71,DEU,18_29,0.49789,237.0
Q71,GBR,30_44,0.22906,643.9
Q71,PRI,30_44,0.10976,246.0
Q71,SRB,45_59,0.25926,243.0
Q71,BOL,30_44,0.21429,616.0
Q71,COL,18_29,0.08229,559.0
Q71,KAZ,30_44,0.69977,443.0
Q71,KEN,18_29,0.43885,695.0
Q71,MEX,60_plus,0.19847,295.6
Q71,TWN,60_plus,0.57764,276.2
Q71,USA,45_59,0.38146,700.3
Q71,DEU,60_plus,0.45709,501.0
Q71,ECU,45_59,0.25103,243.0
Q71,NZL,60_plus,0.52653,490.0
Q71,AND,18_29,0.44586,157.0
Q71,CYP,60_plus,0.37877,273.2
Q71,IRN,60_plus,0.61635,159.0
Q71,JOR,60_plus,0.44318,176.0
Q71,KOR,60_plus,0.50360,278.0
Q71,LBY,45_59,0.30769,377.0
Q71,MNG,18_29,0.41427,468.7
Q71,TJK,60_plus,0.94304,158.0
Q71,CZE,60_plus,0.27615,356.9
Q71,ETH,18_29,0.66023,621.0
Q71,GBR,45_59,0.24173,611.0
Q71,IND,60_plus,0.58241,204.0
Q71,PER,18_29,0.10429,404.2
Q71,PRI,45_59,0.14015,264.0
Q71,RUS,60_plus,0.64353,414.7
Q71,SRB,30_44,0.23485,264.0
Q71,SVK,60_plus,0.22106,343.2
Q71,THA,60_plus,0.56388,250.7
Q71,BOL,18_29,0.19470,755.0
Q71,COL,30_44,0.10791,417.0
Q71,CYP,45_59,0.35174,225.4
Q71,IRN,45_59,0.57100,331.0
Q71,JOR,45_59,0.43046,302.0
Q71,KAZ,18_29,0.72459,305.0
Q71,KEN,30_44,0.46667,405.0
Q71,KOR,45_59,0.55037,407.0
Q71,MDV,45_59,0.37634,186.0
Q71,TJK,45_59,0.90323,341.0
Q71,CZE,45_59,0.31562,266.7
Q71,GBR,60_plus,0.30126,773.8
Q71,IND,45_59,0.65858,321.3
Q71,PRI,60_plus,0.20352,398.0
Q71,RUS,45_59,0.56310,428.2
Q71,SVK,45_59,0.20179,306.1
Q71,THA,45_59,0.57530,410.7
Q71,ARG,60_plus,0.34818,224.2
Q71,CHL,60_plus,0.45014,231.0
Q71,CHN,18_29,0.91393,677.7
Q71,MAC,45_59,0.74611,193.0
Q71,TUN,60_plus,0.17788,208.0
Q71,UKR,18_29,0.22924,169.9
Q71,ZWE,30_44,0.47105,380.0
Q71,IDN,60_plus,0.88743,371.7
Q71,NLD,18_29,0.33129,163.0
Q71,PAK,30_44,0.59542,917.0
Q71,PHL,45_59,0.79545,325.1
Q71,ROU,18_29,0.18460,255.9
Q71,SGP,18_29,0.75158,319.9
Q71,ARG,45_59,0.30285,224.5
Q71,ARM,18_29,0.20563,251.4
Q71,AUS,30_44,0.30279,482.7
Q71,BGD,30_44,0.84773,440.0
Q71,BRA,30_44,0.24667,493.7
Q71,CAN,30_44,0.43671,991.8
Q71,CHL,45_59,0.38536,228.9
Q71,KGZ,30_44,0.49497,409.2
Q71,LBN,30_44,0.18011,372.0
Q71,MYS,30_44,0.52654,471.0
Q71,TUN,45_59,0.07541,305.0
Q71,UZB,18_29,0.87552,482.0
Q71,VEN,30_44,0.14477,373.0
Q71,GRC,18_29,0.12834,207.7
Q71,GTM,18_29,0.09468,602.0
Q71,IDN,45_59,0.80624,745.3
Q71,NIC,18_29,0.26067,445.0
Q71,PHL,60_plus,0.84405,229.1
Q71,AUS,60_plus,0.28345,479.4
Q71,BRA,60_plus,0.23019,332.0
Q71,CAN,60_plus,0.52832,1217.5
Q71,KGZ,60_plus,0.57291,155.5
Q71,LBN,60_plus,0.20359,167.0
Q71,MAC,30_44,0.74346,191.0
Q71,MAR,18_29,0.19165,407.0
Q71,TUR,18_29,0.69187,701.0
Q71,URY,18_29,0.44731,225.6
Q71,VNM,18_29,0.94444,360.0
Q71,ZWE,45_59,0.54185,227.0
Q71,PAK,45_59,0.63158,323.0
Q71,PHL,30_44,0.82240,382.3
Q71,CHN,30_44,0.95246,941.7
Q71,MAR,45_59,0.20982,224.0
Q71,TUR,45_59,0.72451,824.0
Q71,UKR,30_44,0.18347,388.6
Q71,URY,45_59,0.59084,216.5
Q71,VNM,45_59,0.96540,289.0
Q71,ZWE,18_29,0.48706,425.0
Q71,HKG,60_plus,0.70083,585.7
Q71,NLD,30_44,0.32009,428.0
Q71,PAK,18_29,0.69481,616.0
Q71,ROU,30_44,0.15023,295.2
Q71,SGP,30_44,0.78841,589.0
Q71,ARM,30_44,0.33569,362.1
Q71,AUS,18_29,0.26753,386.7
Q71,BGD,18_29,0.80597,402.0
Q71,BRA,18_29,0.23521,411.2
Q71,CAN,18_29,0.46118,753.6
Q71,JPN,30_44,0.35849,265.0
Q71,KGZ,18_29,0.54945,338.8
Q71,LBN,18_29,0.22905,358.0
Q71,MYS,18_29,0.54654,419.0
Q71,URY,60_plus,0.65041,278.5
Q71,UZB,30_44,0.81960,449.0
Q71,VEN,18_29,0.13084,428.0
Q71,GRC,30_44,0.13214,323.9
Q71,GTM,30_44,0.10169,354.0
Q71,HKG,45_59,0.55309,606.0
Q71,NIC,30_44,0.24810,395.0
Q71,AND,45_59,0.50943,318.0
Q71,BOL,60_plus,0.31298,262.0
Q71,IRQ,30_44,0.17989,378.0
Q71,LBY,18_29,0.30686,277.0
Q71,MEX,30_44,0.19016,532.9
Q71,MMR,30_44,0.78005,391.0
Q71,MNG,45_59,0.41635,369.9
Q71,TWN,30_44,0.51053,351.7
Q71,DEU,30_44,0.50000,298.0
Q71,ETH,45_59,0.64935,154.0
Q71,GBR,18_29,0.16359,419.8
Q71,NZL,30_44,0.56410,156.0
Q71,PER,45_59,0.12386,353.3
Q71,PRI,18_29,0.11330,203.0
Q71,AND,60_plus,0.54091,220.0
Q71,BOL,45_59,0.30025,403.0
Q71,CYP,18_29,0.35137,221.5
Q71,IRN,18_29,0.45433,416.0
Q71,JOR,18_29,0.40789,228.0
Q71,KAZ,45_59,0.66667,357.0
Q71,KOR,18_29,0.47177,248.0
Q71,MDV,18_29,0.20286,350.0
Q71,TJK,18_29,0.91018,334.0
Q71,USA,30_44,0.27193,618.6
Q71,CZE,18_29,0.38379,212.0
Q71,ECU,30_44,0.34465,383.0
Q71,IND,18_29,0.66950,541.0
Q71,PER,60_plus,0.13818,192.0
Q71,RUS,18_29,0.52694,414.5
Q71,SVK,18_29,0.16824,195.6
Q71,THA,18_29,0.49171,315.8
Q71,ARG,18_29,0.29130,264.3
Q71,ARM,45_59,0.39055,286.0
Q71,CHL,18_29,0.21385,197.1
Q71,CHN,60_plus,0.98084,466.2
Q71,JPN,45_59,0.42671,307.0
Q71,NGA,30_44,0.37697,447.0
Q71,TUN,18_29,0.10676,281.0
Q71,UKR,60_plus,0.21927,334.6
Q71,UZB,45_59,0.80275,218.0
Q71,GRC,45_59,0.11029,286.6
Q71,GTM,45_59,0.07463,201.0
Q71,HKG,30_44,0.46587,506.3
Q71,IDN,18_29,0.79658,872.7
Q71,NIC,45_59,0.34081,223.0
Q71,NLD,60_plus,0.29557,812.0
Q71,ROU,60_plus,0.27158,336.8
Q71,SGP,60_plus,0.84856,509.4
Q71,ARM,60_plus,0.44098,290.1
Q71,CHN,45_59,0.95574,941.1
Q71,JPN,60_plus,0.49910,553.0
Q71,MAC,18_29,0.59375,288.0
Q71,MAR,30_44,0.20886,474.0
Q71,TUR,30_44,0.69103,780.0
Q71,UKR,45_59,0.19471,308.4
Q71,URY,30_44,0.47136,268.2
Q71,VNM,30_44,0.93231,458.0
Q71,GRC,60_plus,0.15028,361.5
Q71,NLD,45_59,0.29680,593.0
Q71,PHL,18_29,0.80767,263.5
Q71,ROU,45_59,0.22773,293.1
Q71,SGP,45_59,0.85057,570.8
Q71,ARG,30_44,0.26079,268.6
Q71,AUS,45_59,0.36398,434.1
Q71,BGD,45_59,0.79842,253.0
Q71,BRA,45_59,0.18828,418.0
Q71,CAN,45_59,0.40818,1055.1
Q71,CHL,30_44,0.39918,321.5
Q71,KGZ,45_59,0.54063,274.7
Q71,LBN,45_59,0.18771,293.0
Q71,MYS,45_59,0.43787,338.0
Q71,NGA,18_29,0.40586,638.1
Q71,TUN,30_44,0.13660,388.0
Q71,VEN,45_59,0.20769,260.0
Q71,ZWE,60_plus,0.67442,172.0
Q71,HKG,18_29,0.41886,351.8
Q71,IDN,30_44,0.74793,1198.1
Q164,TWN,18_29,0.48850,236.4
Q164,COL,60_plus,0.95288,191.0
Q164,LBY,30_44,0.98605,430.0
Q164,MEX,18_29,0.83975,496.6
Q164,MMR,18_29,0.97546,326.0
Q164,DEU,18_29,0.37652,247.0
Q164,GBR,30_44,0.30353,638.4
Q164,PRI,30_44,0.95492,244.0
Q164,SRB,45_59,0.68254,252.0
Q164,TJK,30_44,0.93696,349.0
Q164,USA,18_29,0.55525,543.1
Q164,COL,45_59,0.97734,353.0
Q164,CYP,30_44,0.82116,241.6
Q164,IRN,30_44,0.93867,587.0
Q164,JOR,30_44,0.95550,382.0
Q164,KOR,30_44,0.40064,312.0
Q164,MDV,30_44,0.99746,394.0
Q164,CZE,30_44,0.29226,351.9
Q164,ECU,18_29,0.91899,395.0
Q164,IND,30_44,0.82755,504.2
Q164,RUS,30_44,0.61024,474.8
Q164,SRB,60_plus,0.66065,277.0
Q164,SVK,30_44,0.46511,334.1
Q164,THA,30_44,0.47406,426.1
Q164,TJK,18_29,0.95690,348.0
Q164,USA,30_44,0.61564,625.0
Q164,AND,60_plus,0.52055,219.0
Q164,BOL,45_59,0.94417,412.0
Q164,CYP,18_29,0.79424,218.3
Q164,IRN,18_29,0.90714,420.0
Q164,JOR,18_29,0.92308,260.0
Q164,KAZ,45_59,0.80802,349.0
Q164,KOR,18_29,0.32661,248.0
Q164,MDV,18_29,0.98300,353.0
Q164,MNG,60_plus,0.55940,155.7
Q164,CZE,18_29,0.31331,218.0
Q164,ECU,30_44,0.91927,384.0
Q164,EGY,45_59,0.99726,365.0
Q164,IND,18_29,0.82738,546.5
Q164,PER,60_plus,0.97052,194.6
Q164,RUS,18_29,0.53131,400.6
Q164,SVK,18_29,0.50752,196.8
Q164,THA,18_29,0.46316,331.5
Q164,TUN,45_59,0.74194,310.0
Q164,UZB,18_29,0.83019,477.0
Q164,VEN,30_44,0.94906,373.0
Q164,ARG,45_59,0.86189,227.0
Q164,ARM,18_29,0.93361,256.9
Q164,AUS,30_44,0.29728,483.9
Q164,BGD,30_44,0.98879,446.0
Q164,BRA,30_44,0.88025,498.1
Q164,CAN,30_44,0.43147,991.8
Q164,CHL,45_59,0.69656,230.0
Q164,KGZ,30_44,0.94525,411.1
Q164,LBN,30_44,0.99465,374.0
Q164,MYS,30_44,0.90446,471.0
Q164,GRC,18_29,0.71202,208.9
Q164,GTM,18_29,0.84317,593.0
Q164,IDN,45_59,0.98669,750.0
Q164,NIC,18_29,0.95955,445.0
Q164,PHL,60_plus,0.97409,229.1
Q164,TUR,30_44,0.86364,792.0
Q164,UKR,45_59,0.66499,306.5
Q164,URY,30_44,0.50799,271.3
Q164,VNM,30_44,0.55603,464.0
Q164,ARM,60_plus,0.86059,297.7
Q164,CHN,45_59,0.17094,938.5
Q164,JPN,60_plus,0.39083,545.0
Q164,MAC,18_29,0.19097,288.0
Q164,MAR,30_44,0.91983,474.0
Q164,GRC,60_plus,0.92436,364.2
Q164,NLD,45_59,0.26018,565.0
Q164,PHL,18_29,0.96356,263.5
Q164,ROU,45_59,0.92772,302.7
Q164,SGP,45_59,0.65397,576.6
Q164,TUR,18_29,0.84046,702.0
Q164,URY,18_29,0.50233,225.6
Q164,VNM,18_29,0.55435,368.0
Q164,ZWE,45_59,0.97403,231.0
Q164,AUS,60_plus,0.50258,478.9
Q164,BRA,60_plus,0.96594,338.3
Q164,CAN,60_plus,0.45909,1217.5
Q164,KGZ,60_plus,0.85893,161.1
Q164,LBN,60_plus,0.99401,167.0
Q164,MAC,30_44,0.26804,194.0
Q164,MAR,18_29,0.92383,407.0
Q164,PAK,45_59,0.96636,327.0
Q164,PHL,30_44,0.94464,381.6
Q164,TUR,45_59,0.86282,831.0
Q164,UKR,30_44,0.71245,396.6
Q164,URY,45_59,0.74131,215.8
Q164,VNM,45_59,0.55254,295.0
Q164,ZWE,18_29,0.99059,425.0
Q164,CHN,30_44,0.13838,943.0
Q164,MAR,45_59,0.89286,224.0
Q164,HKG,60_plus,0.39877,572.0
Q164,NLD,30_44,0.31266,403.0
Q164,PAK,18_29,0.95974,621.0
Q164,ROU,30_44,0.87232,304.5
Q164,SGP,30_44,0.59513,594.3
Q164,URY,60_plus,0.68216,281.8
Q164,UZB,30_44,0.88435,441.0
Q164,VEN,18_29,0.94860,428.0
Q164,ARM,30_44,0.92632,368.5
Q164,AUS,18_29,0.30540,386.7
Q164,BGD,18_29,0.98034,407.0
Q164,BRA,18_29,0.82942,412.9
Q164,CAN,18_29,0.41581,753.6
Q164,JPN,30_44,0.26103,272.0
Q164,KGZ,18_29,0.94350,345.4
Q164,LBN,18_29,0.99174,363.0
Q164,MYS,18_29,0.89737,419.0
Q164,GRC,30_44,0.81987,323.9
Q164,GTM,30_44,0.88571,350.0
Q164,HKG,45_59,0.42792,607.4
Q164,NIC,30_44,0.94684,395.0
Q164,TWN,45_59,0.62002,342.7
Q164,USA,60_plus,0.77030,707.2
Q164,AND,30_44,0.36964,303.0
Q164,MEX,45_59,0.91238,412.6
Q164,MMR,45_59,0.98864,352.0
Q164,MNG,30_44,0.56131,600.9
Q164,DEU,45_59,0.42670,457.0
Q164,ECU,60_plus,0.97143,175.0
Q164,ETH,30_44,0.98015,403.0
Q164,NZL,45_59,0.35115,262.0
Q164,PER,30_44,0.94883,439.4
Q164,SRB,18_29,0.65351,228.0
Q164,TJK,45_59,0.97391,345.0
Q164,BOL,18_29,0.92923,763.0
Q164,COL,30_44,0.95683,417.0
Q164,CYP,45_59,0.87402,232.4
Q164,IRN,45_59,0.96988,332.0
Q164,JOR,45_59,0.96067,356.0
Q164,KAZ,18_29,0.75932,295.0
Q164,KEN,30_44,0.92754,414.0
Q164,KOR,45_59,0.46192,407.0
Q164,MDV,45_59,0.98930,187.0
Q164,CZE,45_59,0.33408,265.3
Q164,EGY,18_29,1.00000,310.0
Q164,GBR,60_plus,0.39987,777.3
Q164,IND,45_59,0.87921,323.9
Q164,PRI,60_plus,0.94987,399.0
Q164,RUS,45_59,0.62836,418.5
Q164,SVK,45_59,0.59430,301.7
Q164,THA,45_59,0.45415,443.2
Q164,TUN,60_plus,0.77934,213.0
Q164,UKR,18_29,0.58359,174.2
Q164,ZWE,30_44,0.98688,381.0
Q164,ARG,60_plus,0.87289,230.2
Q164,CHL,60_plus,0.68252,231.0
Q164,CHN,18_29,0.11467,675.0
Q164,MAC,45_59,0.31443,194.0
Q164,IDN,60_plus,0.97977,374.0
Q164,NLD,18_29,0.17857,168.0
Q164,PAK,30_44,0.96444,928.0
Q164,PHL,45_59,0.94341,325.1
Q164,ROU,18_29,0.79717,273.0
Q164,SGP,18_29,0.52529,323.0
Q164,TJK,60_plus,0.97468,158.0
Q164,AND,18_29,0.23871,155.0
Q164,CYP,60_plus,0.81083,274.7
Q164,IRN,60_plus,0.98113,159.0
Q164,JOR,60_plus,0.96985,199.0
Q164,KOR,60_plus,0.48561,278.0
Q164,LBY,45_59,0.99231,390.0
Q164,MNG,18_29,0.54885,490.1
Q164,CZE,60_plus,0.41310,356.8
Q164,ETH,18_29,0.97608,627.0
Q164,GBR,45_59,0.29462,614.6
Q164,IND,60_plus,0.88220,211.0
Q164,PER,18_29,0.92758,407.1
Q164,PRI,45_59,0.95057,263.0
Q164,RUS,60_plus,0.63635,416.8
Q164,SRB,30_44,0.68132,273.0
Q164,SVK,60_plus,0.75409,345.5
Q164,THA,60_plus,0.40945,280.5
Q164,TWN,60_plus,0.60075,291.5
Q164,USA,45_59,0.70693,703.6
Q164,BOL,30_44,0.95048,626.0
Q164,COL,18_29,0.88551,559.0
Q164,KAZ,30_44,0.73094,446.0
Q164,KEN,18_29,0.90728,701.0
Q164,MEX,60_plus,0.90837,297.1
Q164,DEU,60_plus,0.45709,501.0
Q164,ECU,45_59,0.93902,246.0
Q164,EGY,30_44,1.00000,434.0
Q164,NZL,60_plus,0.41718,489.0
Q164,TWN,30_44,0.57589,351.7
Q164,AND,45_59,0.42947,319.0
Q164,BOL,60_plus,0.96970,264.0
Q164,LBY,18_29,0.99293,283.0
Q164,MEX,30_44,0.85969,531.0
Q164,MMR,30_44,0.98210,391.0
Q164,MNG,45_59,0.53744,388.5
Q164,DEU,30_44,0.40264,303.0
Q164,ETH,45_59,0.98701,154.0
Q164,GBR,18_29,0.27184,422.9
Q164,NZL,30_44,0.28481,158.0
Q164,PER,45_59,0.96398,356.1
Q164,PRI,18_29,0.87685,203.0
Q164,TUN,18_29,0.82746,284.0
Q164,UKR,60_plus,0.77946,343.0
Q164,UZB,45_59,0.86916,214.0
Q164,ARG,18_29,0.68959,267.9
Q164,ARM,45_59,0.92102,288.8
Q164,CHL,18_29,0.45700,204.1
Q164,CHN,60_plus,0.16789,467.7
Q164,JPN,45_59,0.35082,305.0
Q164,NGA,30_44,0.93775,448.3
Q164,GRC,45_59,0.84399,290.0
Q164,GTM,45_59,0.87817,197.0
Q164,HKG,30_44,0.48916,506.3
Q164,IDN,18_29,0.99321,873.0
Q164,NIC,45_59,0.96413,223.0
Q164,NLD,60_plus,0.33208,801.0
Q164,ROU,60_plus,0.93667,352.0
Q164,SGP,60_plus,0.71602,507.4
Q164,TUN,30_44,0.76590,393.0
Q164,VEN,45_59,0.98462,260.0
Q164,ZWE,60_plus,0.98844,173.0
Q164,ARG,30_44,0.82129,272.6
Q164,AUS,45_59,0.38907,435.6
Q164,BGD,45_59,0.98039,255.0
Q164,BRA,45_59,0.91135,428.1
Q164,CAN,45_59,0.46275,1055.1
Q164,CHL,30_44,0.60202,320.7
Q164,KGZ,45_59,0.91642,279.6
Q164,LBN,45_59,0.99662,296.0
Q164,MYS,45_59,0.85841,339.0
Q164,NGA,18_29,0.93973,640.5
Q164,HKG,18_29,0.30680,350.8
Q164,IDN,30_44,0.99175,1203.0
Q180,COL,45_59,0.09065,353.0
Q180,CYP,30_44,0.03463,248.3
Q180,CZE,30_44,0.16335,350.3
Q180,ECU,18_29,0.08696,391.0
Q180,IND,30_44,0.09603,496.3
Q180,IRN,30_44,0.11876,581.0
Q180,TJK,30_44,0.06017,349.0
Q180,USA,18_29,0.10388,541.5
Q180,RUS,30_44,0.24996,485.3
Q180,SRB,60_plus,0.16279,258.0
Q180,SVK,30_44,0.11423,337.7
Q180,THA,30_44,0.03079,429.1
Q180,JOR,30_44,0.10444,383.0
Q180,KOR,30_44,0.06410,312.0
Q180,MDV,30_44,0.03553,394.0
Q180,ARG,45_59,0.08549,227.2
Q180,ARM,18_29,0.10582,256.0
Q180,AUS,30_44,0.07951,477.2
Q180,BGD,30_44,0.00000,446.0
Q180,BRA,30_44,0.17021,493.2
Q180,CAN,30_44,0.16530,991.8
Q180,CHL,45_59,0.13492,231.5
Q180,GRC,18_29,0.06181,208.9
Q180,GTM,18_29,0.14530,585.0
Q180,IDN,45_59,0.12863,749.0
Q180,TUN,45_59,0.07717,311.0
Q180,UZB,18_29,0.20251,479.0
Q180,VEN,30_44,0.05362,373.0
Q180,NIC,18_29,0.08539,445.0
Q180,PHL,60_plus,0.27740,229.1
Q180,KGZ,30_44,0.08630,402.2
Q180,LBN,30_44,0.13137,373.0
Q180,MYS,30_44,0.25690,471.0
Q180,AUS,60_plus,0.02744,480.8
Q180,BRA,60_plus,0.16029,331.7
Q180,CAN,60_plus,0.06203,1217.5
Q180,TUR,18_29,0.05698,702.0
Q180,URY,18_29,0.16483,220.5
Q180,VNM,18_29,0.14402,368.0
Q180,ZWE,45_59,0.08658,231.0
Q180,PAK,45_59,0.08464,319.0
Q180,PHL,30_44,0.30002,381.0
Q180,KGZ,60_plus,0.10020,161.1
Q180,LBN,60_plus,0.04217,166.0
Q180,MAC,30_44,0.04639,194.0
Q180,MAR,18_29,0.16953,407.0
Q180,COL,60_plus,0.09948,191.0
Q180,DEU,18_29,0.04082,245.0
Q180,GBR,30_44,0.03285,643.6
Q180,TWN,18_29,0.02556,236.4
Q180,PRI,30_44,0.05714,245.0
Q180,SRB,45_59,0.20082,244.0
Q180,IRQ,18_29,0.14347,467.0
Q180,LBY,30_44,0.03110,418.0
Q180,MEX,18_29,0.19847,491.3
Q180,MMR,18_29,0.00920,326.0
Q180,ARG,18_29,0.07379,264.8
Q180,ARM,45_59,0.03306,291.6
Q180,CHL,18_29,0.19817,205.6
Q180,CHN,60_plus,0.00991,464.9
Q180,GRC,45_59,0.03776,291.2
Q180,GTM,45_59,0.08718,195.0
Q180,HKG,30_44,0.11641,506.3
Q180,IDN,18_29,0.14592,871.7
Q180,TUN,18_29,0.08451,284.0
Q180,UKR,60_plus,0.14657,330.3
Q180,UZB,45_59,0.19905,211.0
Q180,NGA,30_44,0.04091,446.5
Q180,NIC,45_59,0.14798,223.0
Q180,NLD,60_plus,0.02326,817.0
Q180,ROU,60_plus,0.10404,344.3
Q180,SGP,60_plus,0.01055,507.2
Q180,JPN,45_59,0.00917,327.0
Q180,ARG,30_44,0.09668,268.1
Q180,AUS,45_59,0.06310,433.9
Q180,BGD,45_59,0.00392,255.0
Q180,BRA,45_59,0.18769,415.1
Q180,CAN,45_59,0.11317,1055.1
Q180,CHL,30_44,0.16166,321.6
Q180,HKG,18_29,0.10294,351.8
Q180,IDN,30_44,0.12115,1202.7
Q180,TUN,30_44,0.04326,393.0
Q180,VEN,45_59,0.04231,260.0
Q180,ZWE,60_plus,0.09770,174.0
Q180,NGA,18_29,0.04268,639.3
Q180,KGZ,45_59,0.09151,275.4
Q180,LBN,45_59,0.10508,295.0
Q180,MYS,45_59,0.21534,339.0
Q180,ARM,30_44,0.06281,371.5
Q180,AUS,18_29,0.07998,375.7
Q180,BGD,18_29,0.00491,407.0
Q180,BRA,18_29,0.20698,405.0
Q180,CAN,18_29,0.16169,753.6
Q180,GRC,30_44,0.05022,327.6
Q180,GTM,30_44,0.08333,348.0
Q180,HKG,45_59,0.08891,607.5
Q180,URY,60_plus,0.07623,279.6
Q180,UZB,30_44,0.23661,448.0
Q180,VEN,18_29,0.04439,428.0
Q180,NIC,30_44,0.09114,395.0
Q180,JPN,30_44,0.01408,284.0
Q180,KGZ,18_29,0.09529,323.1
Q180,LBN,18_29,0.14325,363.0
Q180,MYS,18_29,0.25537,419.0
Q180,ARG,60_plus,0.11838,226.5
Q180,CHL,60_plus,0.07948,228.2
Q180,CHN,18_29,0.03032,677.7
Q180,IDN,60_plus,0.15235,372.8
Q180,TUN,60_plus,0.06103,213.0
Q180,UKR,18_29,0.16939,178.3
Q180,ZWE,30_44,0.07087,381.0
Q180,NLD,18_29,0.05422,166.0
Q180,PAK,30_44,0.08549,889.0
Q180,PHL,45_59,0.27071,325.1
Q180,ROU,18_29,0.15605,267.1
Q180,SGP,18_29,0.06176,319.7
Q180,MAC,45_59,0.04639,194.0
Q180,AND,60_plus,0.03167,221.0
Q180,BOL,45_59,0.04156,409.0
Q180,CYP,18_29,0.09366,224.7
Q180,CZE,18_29,0.25550,217.2
Q180,ECU,30_44,0.10705,383.0
Q180,EGY,45_59,0.03652,356.0
Q180,IND,18_29,0.08055,543.7
Q180,IRN,18_29,0.10238,420.0
Q180,TJK,18_29,0.05747,348.0
Q180,USA,30_44,0.08421,619.2
Q180,PER,60_plus,0.04645,193.5
Q180,RUS,18_29,0.32979,416.4
Q180,SVK,18_29,0.20892,194.8
Q180,THA,18_29,0.02646,329.7
Q180,JOR,18_29,0.13566,258.0
Q180,KAZ,45_59,0.14535,344.0
Q180,KOR,18_29,0.04839,248.0
Q180,MDV,18_29,0.03977,352.0
Q180,MNG,60_plus,0.06078,157.1
Q180,BOL,18_29,0.08488,754.0
Q180,COL,30_44,0.06475,417.0
Q180,CYP,45_59,0.03098,232.4
Q180,CZE,45_59,0.18067,265.9
Q180,EGY,18_29,0.03289,304.0
Q180,GBR,60_plus,0.03272,778.3
Q180,IND,45_59,0.05972,315.9
Q180,IRN,45_59,0.06949,331.0
Q180,TJK,45_59,0.05507,345.0
Q180,PRI,60_plus,0.01000,400.0
Q180,RUS,45_59,0.22282,424.6
Q180,SVK,45_59,0.11861,309.4
Q180,THA,45_59,0.03441,441.9
Q180,JOR,45_59,0.07062,354.0
Q180,KAZ,18_29,0.14841,283.0
Q180,KEN,30_44,0.25616,406.0
Q180,KOR,45_59,0.04423,407.0
Q180,MDV,45_59,0.00000,185.0
Q180,AND,45_59,0.04688,320.0
Q180,BOL,60_plus,0.04598,261.0
Q180,DEU,30_44,0.00977,307.0
Q180,ETH,45_59,0.04575,153.0
Q180,GBR,18_29,0.06132,416.3
Q180,TWN,30_44,0.02772,351.7
Q180,NZL,30_44,0.06135,163.0
Q180,PER,45_59,0.07172,350.0
Q180,PRI,18_29,0.07805,205.0
Q180,IRQ,30_44,0.11340,388.0
Q180,LBY,18_29,0.06498,277.0
Q180,MEX,30_44,0.15576,527.7
Q180,MMR,30_44,0.02046,391.0
Q180,MNG,45_59,0.10273,388.5
Q180,AND,18_29,0.06369,157.0
Q180,CYP,60_plus,0.02255,285.6
Q180,CZE,60_plus,0.14126,353.8
Q180,ETH,18_29,0.07085,621.0
Q180,GBR,45_59,0.02585,612.5
Q180,IND,60_plus,0.05043,197.6
Q180,IRN,60_plus,0.10191,157.0
Q180,TJK,60_plus,0.07595,158.0
Q180,PER,18_29,0.04343,403.4
Q180,PRI,45_59,0.02622,267.0
Q180,RUS,60_plus,0.15196,419.0
Q180,SRB,30_44,0.26316,266.0
Q180,SVK,60_plus,0.09460,340.2
Q180,THA,60_plus,0.02703,286.0
Q180,JOR,60_plus,0.03535,198.0
Q180,KOR,60_plus,0.05036,278.0
Q180,LBY,45_59,0.03947,380.0
Q180,MNG,18_29,0.17577,491.5
Q180,AND,30_44,0.02640,303.0
Q180,DEU,45_59,0.02609,460.0
Q180,ECU,60_plus,0.09357,171.0
Q180,ETH,30_44,0.04040,396.0
Q180,TWN,45_59,0.02363,342.7
Q180,USA,60_plus,0.02660,708.0
Q180,NZL,45_59,0.02622,267.0
Q180,PER,30_44,0.06245,429.4
Q180,SRB,18_29,0.34071,226.0
Q180,IRQ,45_59,0.15966,238.0
Q180,MEX,45_59,0.18024,411.7
Q180,MMR,45_59,0.01136,352.0
Q180,MNG,30_44,0.10172,600.9
Q180,BOL,30_44,0.08604,616.0
Q180,COL,18_29,0.06977,559.0
Q180,DEU,60_plus,0.01772,508.0
Q180,ECU,45_59,0.13223,242.0
Q180,EGY,30_44,0.01848,433.0
Q180,TWN,60_plus,0.02509,291.5
Q180,USA,45_59,0.04671,699.7
Q180,NZL,60_plus,0.03929,509.0
Q180,KAZ,30_44,0.16441,444.0
Q180,KEN,18_29,0.23796,685.0
Q180,MEX,60_plus,0.09902,289.9
Q180,ARM,60_plus,0.03518,298.1
Q180,CHN,45_59,0.02288,940.8
Q180,GRC,60_plus,0.02110,365.1
Q180,TUR,30_44,0.06084,789.0
Q180,UKR,45_59,0.18915,305.3
Q180,URY,30_44,0.06272,268.6
Q180,VNM,30_44,0.11853,464.0
Q180,NLD,45_59,0.04318,579.0
Q180,PHL,18_29,0.30746,263.5
Q180,ROU,45_59,0.08566,300.1
Q180,SGP,45_59,0.02024,577.6
Q180,JPN,60_plus,0.01197,585.0
Q180,MAC,18_29,0.06272,287.0
Q180,MAR,30_44,0.15823,474.0
Q180,CHN,30_44,0.02388,942.4
Q180,HKG,60_plus,0.02849,585.6
Q180,TUR,45_59,0.06490,832.0
Q180,UKR,30_44,0.18898,395.6
Q180,URY,45_59,0.05269,216.6
Q180,VNM,45_59,0.09831,295.0
Q180,ZWE,18_29,0.08941,425.0
Q180,NLD,30_44,0.06601,409.0
Q180,PAK,18_29,0.08590,617.0
Q180,ROU,30_44,0.10822,299.1
Q180,SGP,30_44,0.02330,594.1
Q180,MAR,45_59,0.19196,224.0
Q182,COL,45_59,0.21246,353.0
Q182,CYP,30_44,0.35007,234.0
Q182,IRN,30_44,0.04110,584.0
Q182,JOR,30_44,0.02344,384.0
Q182,KOR,30_44,0.16026,312.0
Q182,MDV,30_44,0.01781,393.0
Q182,USA,18_29,0.60216,542.7
Q182,CZE,30_44,0.72013,346.6
Q182,ECU,18_29,0.28906,384.0
Q182,IND,30_44,0.15338,429.8
Q182,RUS,30_44,0.16125,461.1
Q182,SRB,60_plus,0.14741,251.0
Q182,SVK,30_44,0.46333,322.2
Q182,THA,30_44,0.33592,427.0
Q182,AND,45_59,0.83072,319.0
Q182,BOL,60_plus,0.09865,223.0
Q182,IRQ,30_44,0.08394,274.0
Q182,LBY,18_29,0.00746,268.0
Q182,MEX,30_44,0.32932,511.2
Q182,MMR,30_44,0.02308,390.0
Q182,MNG,45_59,0.14538,388.5
Q182,TWN,30_44,0.37565,351.7
Q182,DEU,30_44,0.79402,301.0
Q182,GBR,18_29,0.77948,412.9
Q182,NZL,30_44,0.90066,151.0
Q182,PER,45_59,0.14639,344.9
Q182,PRI,18_29,0.65196,204.0
Q182,ARG,18_29,0.61643,238.3
Q182,ARM,45_59,0.02771,290.9
Q182,CHL,18_29,0.38649,202.4
Q182,CHN,60_plus,0.03898,465.7
Q182,JPN,45_59,0.63758,298.0
Q182,NGA,30_44,0.02975,447.4
Q182,TUN,18_29,0.03887,283.0
Q182,UKR,60_plus,0.09655,289.7
Q182,GRC,45_59,0.33109,271.8
Q182,GTM,45_59,0.20918,196.0
Q182,HKG,30_44,0.48001,505.2
Q182,IDN,18_29,0.03046,872.7
Q182,NIC,45_59,0.20179,223.0
Q182,NLD,60_plus,0.91421,781.0
Q182,ROU,60_plus,0.09186,331.8
Q182,SGP,60_plus,0.07113,509.4
Q182,AND,30_44,0.80528,303.0
Q182,IRQ,45_59,0.18286,175.0
Q182,MEX,45_59,0.31343,402.7
Q182,MMR,45_59,0.00852,352.0
Q182,MNG,30_44,0.19034,600.9
Q182,TWN,45_59,0.14832,342.7
Q182,USA,60_plus,0.46204,702.3
Q182,DEU,45_59,0.82705,451.0
Q182,ECU,60_plus,0.14458,166.0
Q182,ETH,30_44,0.06069,346.0
Q182,NZL,45_59,0.78112,233.0
Q182,PER,30_44,0.12049,418.9
Q182,SRB,18_29,0.35714,224.0
Q182,COL,60_plus,0.20942,191.0
Q182,IRQ,18_29,0.11635,318.0
Q182,LBY,30_44,0.00487,411.0
Q182,MEX,18_29,0.39370,489.6
Q182,MMR,18_29,0.04601,326.0
Q182,TWN,18_29,0.57438,236.4
Q182,DEU,18_29,0.83128,243.0
Q182,GBR,30_44,0.74514,629.3
Q182,PRI,30_44,0.50000,242.0
Q182,SRB,45_59,0.20833,240.0
Q182,BOL,18_29,0.26573,715.0
Q182,COL,30_44,0.32374,417.0
Q182,CYP,45_59,0.20146,213.2
Q182,IRN,45_59,0.02432,329.0
Q182,JOR,45_59,0.02266,353.0
Q182,KAZ,18_29,0.07895,266.0
Q182,KEN,30_44,0.18610,403.0
Q182,KOR,45_59,0.11057,407.0
Q182,MDV,45_59,0.00535,187.0
Q182,CZE,45_59,0.67365,262.4
Q182,GBR,60_plus,0.68807,757.6
Q182,IND,45_59,0.10791,265.1
Q182,PRI,60_plus,0.37056,394.0
Q182,RUS,45_59,0.14303,413.7
Q182,SVK,45_59,0.41404,288.0
Q182,THA,45_59,0.26307,440.3
Q182,AND,18_29,0.86709,158.0
Q182,CYP,60_plus,0.09171,264.7
Q182,IRN,60_plus,0.03774,159.0
Q182,JOR,60_plus,0.00505,198.0
Q182,KOR,60_plus,0.07194,278.0
Q182,LBY,45_59,0.01117,358.0
Q182,MNG,18_29,0.22409,491.5
Q182,CZE,60_plus,0.55557,352.6
Q182,ETH,18_29,0.07721,544.0
Q182,GBR,45_59,0.79629,600.3
Q182,IND,60_plus,0.09100,171.1
Q182,PER,18_29,0.17164,390.4
Q182,PRI,45_59,0.42085,259.0
Q182,RUS,60_plus,0.09818,406.6
Q182,SRB,30_44,0.25283,265.0
Q182,SVK,60_plus,0.32637,322.3
Q182,THA,60_plus,0.25385,287.2
Q182,ARG,60_plus,0.42140,214.6
Q182,CHL,60_plus,0.31017,205.4
Q182,CHN,18_29,0.19570,677.7
Q182,MAC,45_59,0.26289,194.0
Q182,TUN,60_plus,0.02358,212.0
Q182,UKR,18_29,0.20883,161.3
Q182,ZWE,30_44,0.05789,380.0
Q182,IDN,60_plus,0.06582,370.7
Q182,NLD,18_29,0.91515,165.0
Q182,PAK,30_44,0.04105,877.0
Q182,PHL,45_59,0.28550,325.1
Q182,ROU,18_29,0.19710,252.8
Q182,SGP,18_29,0.45402,318.7
Q182,ARG,45_59,0.51037,197.8
Q182,ARM,18_29,0.08041,256.0
Q182,AUS,30_44,0.78324,470.6
Q182,BGD,30_44,0.01345,446.0
Q182,BRA,30_44,0.41884,430.6
Q182,CAN,30_44,0.79217,991.8
Q182,CHL,45_59,0.42559,219.8
Q182,KGZ,30_44,0.04301,396.5
Q182,LBN,30_44,0.09140,372.0
Q182,MYS,30_44,0.25902,471.0
Q182,TUN,45_59,0.01290,310.0
Q182,VEN,30_44,0.25469,373.0
Q182,GRC,18_29,0.56440,205.2
Q182,GTM,18_29,0.31293,588.0
Q182,IDN,45_59,0.04263,741.7
Q182,NIC,18_29,0.19775,445.0
Q182,PHL,60_plus,0.31759,229.1
Q182,BOL,30_44,0.18957,575.0
Q182,COL,18_29,0.38104,559.0
Q182,KAZ,30_44,0.11164,421.0
Q182,KEN,18_29,0.18047,676.0
Q182,MEX,60_plus,0.20255,285.0
Q182,TWN,60_plus,0.09189,291.5
Q182,USA,45_59,0.51528,692.3
Q182,DEU,60_plus,0.62322,491.0
Q182,ECU,45_59,0.18966,232.0
Q182,NZL,60_plus,0.58425,457.0
Q182,AND,60_plus,0.73973,219.0
Q182,BOL,45_59,0.13624,367.0
Q182,CYP,18_29,0.34998,217.6
Q182,IRN,18_29,0.05502,418.0
Q182,JOR,18_29,0.01923,260.0
Q182,KAZ,45_59,0.09036,332.0
Q182,KOR,18_29,0.22984,248.0
Q182,MDV,18_29,0.02833,353.0
Q182,MNG,60_plus,0.15369,157.1
Q182,USA,30_44,0.58682,613.6
Q182,CZE,18_29,0.70220,216.1
Q182,ECU,30_44,0.24119,369.0
Q182,IND,18_29,0.18892,486.4
Q182,PER,60_plus,0.08400,184.4
Q182,RUS,18_29,0.18939,406.2
Q182,SVK,18_29,0.49489,181.7
Q182,THA,18_29,0.36649,333.2
Q182,ARM,60_plus,0.01044,297.2
Q182,CHN,45_59,0.06280,941.9
Q182,JPN,60_plus,0.38386,508.0
Q182,MAC,18_29,0.56446,287.0
Q182,MAR,30_44,0.12236,474.0
Q182,TUR,30_44,0.08087,779.0
Q182,UKR,45_59,0.14193,255.8
Q182,URY,30_44,0.61562,252.6
Q182,VNM,30_44,0.55603,464.0
Q182,GRC,60_plus,0.18255,351.5
Q182,NLD,45_59,0.93028,545.0
Q182,PHL,18_29,0.34065,263.5
Q182,ROU,45_59,0.07864,286.7
Q182,SGP,45_59,0.12905,571.5
Q182,AUS,60_plus,0.54345,467.7
Q182,BRA,60_plus,0.27560,288.8
Q182,CAN,60_plus,0.72049,1217.5
Q182,KGZ,60_plus,0.05228,157.5
Q182,LBN,60_plus,0.04848,165.0
Q182,MAC,30_44,0.45361,194.0
Q182,MAR,18_29,0.14988,407.0
Q182,TUR,18_29,0.08418,689.0
Q182,URY,18_29,0.67994,207.3
Q182,VNM,18_29,0.55707,368.0
Q182,ZWE,45_59,0.07359,231.0
Q182,PAK,45_59,0.03096,323.0
Q182,PHL,30_44,0.32586,382.3
Q182,CHN,30_44,0.11226,941.3
Q182,MAR,45_59,0.14286,224.0
Q182,TUR,45_59,0.08010,824.0
Q182,UKR,30_44,0.16069,335.6
Q182,URY,45_59,0.62692,208.2
Q182,VNM,45_59,0.58983,295.0
Q182,ZWE,18_29,0.07329,423.0
Q182,HKG,60_plus,0.19249,574.7
Q182,NLD,30_44,0.86189,391.0
Q182,PAK,18_29,0.05419,609.0
Q182,ROU,30_44,0.15724,283.9
Q182,SGP,30_44,0.23687,590.1
Q182,ARM,30_44,0.02347,370.1
Q182,AUS,18_29,0.83455,369.9
Q182,BGD,18_29,0.01474,407.0
Q182,BRA,18_29,0.44720,366.1
Q182,CAN,18_29,0.79919,753.6
Q182,JPN,30_44,0.83630,281.0
Q182,KGZ,18_29,0.03720,318.2
Q182,LBN,18_29,0.07756,361.0
Q182,MYS,18_29,0.30072,419.0
Q182,URY,60_plus,0.53570,258.3
Q182,VEN,18_29,0.26168,428.0
Q182,GRC,30_44,0.45270,324.7
Q182,GTM,30_44,0.23143,350.0
Q182,HKG,45_59,0.39024,600.7
Q182,NIC,30_44,0.18987,395.0
Q182,ARG,30_44,0.56176,238.2
Q182,AUS,45_59,0.66713,428.4
Q182,BGD,45_59,0.00392,255.0
Q182,BRA,45_59,0.36234,359.1
Q182,CAN,45_59,0.73157,1055.1
Q182,CHL,30_44,0.43921,302.2
Q182,KGZ,45_59,0.02321,262.0
Q182,LBN,45_59,0.09184,294.0
Q182,MYS,45_59,0.29204,339.0
Q182,NGA,18_29,0.02748,640.5
Q182,TUN,30_44,0.01018,393.0
Q182,VEN,45_59,0.20000,260.0
Q182,ZWE,60_plus,0.08621,174.0
Q182,HKG,18_29,0.61404,351.8
Q182,IDN,30_44,0.02688,1200.0
Q184,COL,60_plus,0.05759,191.0
Q184,DEU,18_29,0.45267,243.0
Q184,GBR,30_44,0.64839,636.1
Q184,TWN,18_29,0.18749,236.4
Q184,IRQ,18_29,0.13919,467.0
Q184,LBY,30_44,0.06280,414.0
Q184,MEX,18_29,0.25233,493.7
Q184,MMR,18_29,0.00920,326.0
Q184,PRI,30_44,0.19512,246.0
Q184,SRB,45_59,0.28814,236.0
Q184,AND,30_44,0.55776,303.0
Q184,DEU,45_59,0.48098,447.0
Q184,ECU,60_plus,0.08046,174.0
Q184,ETH,30_44,0.05736,401.0
Q184,TWN,45_59,0.10164,342.7
Q184,USA,60_plus,0.30077,705.0
Q184,IRQ,45_59,0.15546,238.0
Q184,MEX,45_59,0.21640,410.9
Q184,MMR,45_59,0.00568,352.0
Q184,MNG,30_44,0.28245,600.9
Q184,NZL,45_59,0.68605,258.0
Q184,PER,30_44,0.08944,434.9
Q184,SRB,18_29,0.38565,223.0
Q184,AND,18_29,0.62025,158.0
Q184,CYP,60_plus,0.05180,268.7
Q184,CZE,60_plus,0.46002,357.6
Q184,ETH,18_29,0.07987,626.0
Q184,GBR,45_59,0.70481,605.6
Q184,IND,60_plus,0.10906,207.5
Q184,IRN,60_plus,0.17722,158.0
Q184,TJK,60_plus,0.04430,158.0
Q184,JOR,60_plus,0.02010,199.0
Q184,KOR,60_plus,0.14388,278.0
Q184,LBY,45_59,0.04959,363.0
Q184,MNG,18_29,0.25178,491.5
Q184,PER,18_29,0.11770,396.9
Q184,PRI,45_59,0.17293,266.0
Q184,RUS,60_plus,0.31978,413.6
Q184,SRB,30_44,0.28571,266.0
Q184,SVK,60_plus,0.36494,338.4
Q184,THA,60_plus,0.04615,287.2
Q184,AND,60_plus,0.43636,220.0
Q184,BOL,45_59,0.08374,406.0
Q184,CYP,18_29,0.15294,217.6
Q184,CZE,18_29,0.63154,217.2
Q184,ECU,30_44,0.13613,382.0
Q184,EGY,45_59,0.05278,360.0
Q184,IND,18_29,0.18225,523.4
Q184,IRN,18_29,0.16190,420.0
Q184,TJK,18_29,0.02586,348.0
Q184,USA,30_44,0.40869,620.7
Q184,JOR,18_29,0.06154,260.0
Q184,KAZ,45_59,0.23077,325.0
Q184,KOR,18_29,0.27419,248.0
Q184,MDV,18_29,0.20455,352.0
Q184,MNG,60_plus,0.22062,157.1
Q184,PER,60_plus,0.04216,190.8
Q184,RUS,18_29,0.38193,404.7
Q184,SVK,18_29,0.47364,180.9
Q184,THA,18_29,0.11640,329.7
Q184,ARM,60_plus,0.09230,292.6
Q184,CHN,45_59,0.08641,933.9
Q184,GRC,60_plus,0.20062,357.1
Q184,TUR,30_44,0.12164,781.0
Q184,UKR,45_59,0.30511,279.2
Q184,URY,30_44,0.40387,263.8
Q184,VNM,30_44,0.33836,464.0
Q184,JPN,60_plus,0.25599,543.0
Q184,MAC,18_29,0.20486,288.0
Q184,MAR,30_44,0.22574,474.0
Q184,NLD,45_59,0.77240,558.0
Q184,PHL,18_29,0.18330,263.5
Q184,ROU,45_59,0.18543,292.7
Q184,SGP,45_59,0.10390,571.7
Q184,CHN,30_44,0.10855,941.2
Q184,HKG,60_plus,0.11544,580.6
Q184,TUR,45_59,0.10571,823.0
Q184,UKR,30_44,0.34078,371.6
Q184,URY,45_59,0.34985,211.8
Q184,VNM,45_59,0.33559,295.0
Q184,ZWE,18_29,0.07765,425.0
Q184,MAR,45_59,0.25893,224.0
Q184,NLD,30_44,0.77436,390.0
Q184,PAK,18_29,0.07886,596.0
Q184,ROU,30_44,0.21994,286.2
Q184,SGP,30_44,0.18296,591.1
Q184,COL,45_59,0.05949,353.0
Q184,CYP,30_44,0.19984,240.0
Q184,CZE,30_44,0.67466,352.5
Q184,ECU,18_29,0.13077,390.0
Q184,IND,30_44,0.16266,493.0
Q184,IRN,30_44,0.13823,586.0
Q184,TJK,30_44,0.02865,349.0
Q184,USA,18_29,0.43750,542.7
Q184,JOR,30_44,0.06283,382.0
Q184,KOR,30_44,0.24679,312.0
Q184,MDV,30_44,0.16285,393.0
Q184,RUS,30_44,0.39236,475.1
Q184,SRB,60_plus,0.20565,248.0
Q184,SVK,30_44,0.45422,326.3
Q184,THA,30_44,0.09526,427.1
Q184,BOL,30_44,0.08943,615.0
Q184,COL,18_29,0.17710,559.0
Q184,DEU,60_plus,0.35425,494.0
Q184,ECU,45_59,0.15353,241.0
Q184,EGY,30_44,0.07126,435.0
Q184,TWN,60_plus,0.09914,291.5
Q184,USA,45_59,0.37293,698.4
Q184,KAZ,30_44,0.20624,417.0
Q184,KEN,18_29,0.28488,681.0
Q184,MEX,60_plus,0.10873,286.8
Q184,NZL,60_plus,0.64463,484.0
Q184,AND,45_59,0.54088,318.0
Q184,BOL,60_plus,0.09266,259.0
Q184,DEU,30_44,0.44257,296.0
Q184,ETH,45_59,0.05263,152.0
Q184,GBR,18_29,0.69789,414.5
Q184,TWN,30_44,0.15442,351.7
Q184,IRQ,30_44,0.12113,388.0
Q184,LBY,18_29,0.04089,269.0
Q184,MEX,30_44,0.21500,518.5
Q184,MMR,30_44,0.00000,390.0
Q184,MNG,45_59,0.29935,388.5
Q184,NZL,30_44,0.71519,158.0
Q184,PER,45_59,0.09569,351.4
Q184,PRI,18_29,0.29126,206.0
Q184,AUS,60_plus,0.49519,474.4
Q184,BRA,60_plus,0.06096,326.0
Q184,CAN,60_plus,0.65352,1217.5
Q184,TUR,18_29,0.11014,690.0
Q184,URY,18_29,0.44269,220.6
Q184,VNM,18_29,0.33696,368.0
Q184,ZWE,45_59,0.08696,230.0
Q184,KGZ,60_plus,0.03633,156.0
Q184,LBN,60_plus,0.02395,167.0
Q184,MAC,30_44,0.15464,194.0
Q184,MAR,18_29,0.28256,407.0
Q184,PAK,45_59,0.06032,315.0
Q184,PHL,30_44,0.20001,382.3
Q184,ARM,30_44,0.05697,361.6
Q184,AUS,18_29,0.62587,374.0
Q184,BGD,18_29,0.04668,407.0
Q184,BRA,18_29,0.18327,397.9
Q184,CAN,18_29,0.70316,753.6
Q184,GRC,30_44,0.39959,322.4
Q184,GTM,30_44,0.14900,349.0
Q184,HKG,45_59,0.22590,605.6
Q184,URY,60_plus,0.28940,272.1
Q184,UZB,30_44,0.17489,446.0
Q184,VEN,18_29,0.13318,428.0
Q184,JPN,30_44,0.39405,269.0
Q184,KGZ,18_29,0.05004,322.2
Q184,LBN,18_29,0.11295,363.0
Q184,MYS,18_29,0.28878,419.0
Q184,NIC,30_44,0.08608,395.0
Q184,BOL,18_29,0.13360,756.0
Q184,COL,30_44,0.11031,417.0
Q184,CYP,45_59,0.11710,218.3
Q184,CZE,45_59,0.55430,265.2
Q184,EGY,18_29,0.06601,303.0
Q184,GBR,60_plus,0.57651,773.7
Q184,IND,45_59,0.14791,312.7
Q184,IRN,45_59,0.12424,330.0
Q184,TJK,45_59,0.02319,345.0
Q184,JOR,45_59,0.04507,355.0
Q184,KAZ,18_29,0.18774,261.0
Q184,KEN,30_44,0.24631,406.0
Q184,KOR,45_59,0.22359,407.0
Q184,MDV,45_59,0.09626,187.0
Q184,PRI,60_plus,0.07769,399.0
Q184,RUS,45_59,0.39825,418.5
Q184,SVK,45_59,0.45112,300.6
Q184,THA,45_59,0.08033,441.2
Q184,ARG,60_plus,0.19579,226.1
Q184,CHL,60_plus,0.19371,222.9
Q184,CHN,18_29,0.09713,677.7
Q184,IDN,60_plus,0.06753,371.5
Q184,TUN,60_plus,0.11268,213.0
Q184,UKR,18_29,0.34243,160.0
Q184,ZWE,30_44,0.06316,380.0
Q184,MAC,45_59,0.14433,194.0
Q184,NLD,18_29,0.80838,167.0
Q184,PAK,30_44,0.05718,857.0
Q184,PHL,45_59,0.11942,325.1
Q184,ROU,18_29,0.19369,257.4
Q184,SGP,18_29,0.41605,317.3
Q184,ARG,30_44,0.23974,261.5
Q184,AUS,45_59,0.63206,429.9
Q184,BGD,45_59,0.06275,255.0
Q184,BRA,45_59,0.10360,405.3
Q184,CAN,45_59,0.59878,1055.1
Q184,CHL,30_44,0.29971,319.6
Q184,HKG,18_29,0.29249,351.8
Q184,IDN,30_44,0.02844,1203.0
Q184,TUN,30_44,0.12214,393.0
Q184,VEN,45_59,0.11538,260.0
Q184,ZWE,60_plus,0.08621,174.0
Q184,KGZ,45_59,0.05287,269.5
Q184,LBN,45_59,0.06757,296.0
Q184,MYS,45_59,0.28909,339.0
Q184,NGA,18_29,0.03815,636.9
Q184,ARG,18_29,0.28753,247.5
Q184,ARM,45_59,0.07046,283.7
Q184,CHL,18_29,0.34321,200.7
Q184,CHN,60_plus,0.09156,464.7
Q184,GRC,45_59,0.42605,287.6
Q184,GTM,45_59,0.11856,194.0
Q184,HKG,30_44,0.21214,506.3
Q184,IDN,18_29,0.03425,873.0
Q184,TUN,18_29,0.15248,282.0
Q184,UKR,60_plus,0.24484,322.5
Q184,UZB,45_59,0.17619,210.0
Q184,JPN,45_59,0.33663,303.0
Q184,NGA,30_44,0.04094,446.2
Q184,NIC,45_59,0.08072,223.0
Q184,NLD,60_plus,0.78726,785.0
Q184,ROU,60_plus,0.17075,332.9
Q184,SGP,60_plus,0.07451,509.2
Q184,ARG,45_59,0.20244,215.2
Q184,ARM,18_29,0.05147,251.2
Q184,AUS,30_44,0.69754,474.8
Q184,BGD,30_44,0.07175,446.0
Q184,BRA,30_44,0.11140,485.5
Q184,CAN,30_44,0.66212,991.8
Q184,CHL,45_59,0.28311,226.0
Q184,GRC,18_29,0.39877,207.7
Q184,GTM,18_29,0.24068,590.0
Q184,IDN,45_59,0.04090,745.3
Q184,TUN,45_59,0.14423,312.0
Q184,UZB,18_29,0.17895,475.0
Q184,VEN,30_44,0.16354,373.0
Q184,KGZ,30_44,0.06225,398.6
Q184,LBN,30_44,0.09893,374.0
Q184,MYS,30_44,0.24841,471.0
Q184,NIC,18_29,0.08989,445.0
Q184,PHL,60_plus,0.17558,229.1
Q185,AND,30_44,0.84437,302.0
Q185,TWN,45_59,0.28630,342.7
Q185,USA,60_plus,0.58445,707.5
Q185,DEU,45_59,0.72907,454.0
Q185,ECU,60_plus,0.22093,172.0
Q185,ETH,30_44,0.13184,402.0
Q185,IRQ,45_59,0.24370,238.0
Q185,MEX,45_59,0.41505,411.1
Q185,MMR,45_59,0.08807,352.0
Q185,MNG,30_44,0.34771,600.9
Q185,NZL,45_59,0.80156,257.0
Q185,PER,30_44,0.38496,430.9
Q185,SRB,18_29,0.51802,222.0
Q185,COL,60_plus,0.31414,191.0
Q185,TWN,18_29,0.44574,236.4
Q185,DEU,18_29,0.71255,247.0
Q185,GBR,30_44,0.72459,621.3
Q185,IRQ,18_29,0.24411,467.0
Q185,LBY,30_44,0.22169,415.0
Q185,MEX,18_29,0.44764,495.7
Q185,MMR,18_29,0.05521,326.0
Q185,PRI,30_44,0.57724,246.0
Q185,SRB,45_59,0.44033,243.0
Q185,AND,18_29,0.87342,158.0
Q185,CYP,60_plus,0.23817,274.7
Q185,TJK,60_plus,0.06329,158.0
Q185,CZE,60_plus,0.60541,358.4
Q185,ETH,18_29,0.17093,626.0
Q185,GBR,45_59,0.81935,607.2
Q185,IND,60_plus,0.09809,212.6
Q185,IRN,60_plus,0.20886,158.0
Q185,JOR,60_plus,0.12500,200.0
Q185,KOR,60_plus,0.32734,278.0
Q185,LBY,45_59,0.25137,366.0
Q185,MNG,18_29,0.30454,491.5
Q185,PER,18_29,0.39289,404.4
Q185,PRI,45_59,0.48496,266.0
Q185,RUS,60_plus,0.46685,419.6
Q185,SRB,30_44,0.40449,267.0
Q185,SVK,60_plus,0.51644,345.0
Q185,THA,60_plus,0.33205,286.0
Q185,AND,60_plus,0.80180,222.0
Q185,BOL,45_59,0.23704,405.0
Q185,CYP,18_29,0.48818,222.1
Q185,TJK,18_29,0.02011,348.0
Q185,USA,30_44,0.58204,620.5
Q185,CZE,18_29,0.71254,216.1
Q185,ECU,30_44,0.30890,382.0
Q185,EGY,45_59,0.41274,361.0
Q185,IND,18_29,0.23113,537.6
Q185,IRN,18_29,0.21957,419.0
Q185,JOR,18_29,0.27132,258.0
Q185,KAZ,45_59,0.35671,328.0
Q185,KOR,18_29,0.54839,248.0
Q185,MDV,18_29,0.64873,353.0
Q185,MNG,60_plus,0.25794,157.1
Q185,PER,60_plus,0.33200,191.8
Q185,RUS,18_29,0.58311,415.5
Q185,SVK,18_29,0.68936,191.7
Q185,THA,18_29,0.31579,331.5
Q185,ARG,60_plus,0.59142,220.0
Q185,CHL,60_plus,0.49857,229.7
Q185,CHN,18_29,0.25839,677.3
Q185,TUN,60_plus,0.30516,213.0
Q185,UKR,18_29,0.52573,154.0
Q185,ZWE,30_44,0.12665,379.0
Q185,IDN,60_plus,0.14695,371.4
Q185,MAC,45_59,0.38860,193.0
Q185,NLD,18_29,0.85030,167.0
Q185,PAK,30_44,0.10858,921.0
Q185,PHL,45_59,0.26295,325.1
Q185,ROU,18_29,0.40011,258.1
Q185,SGP,18_29,0.49409,319.4
Q185,BOL,30_44,0.29739,612.0
Q185,COL,18_29,0.45081,559.0
Q185,TWN,60_plus,0.23073,291.5
Q185,USA,45_59,0.56862,700.9
Q185,DEU,60_plus,0.59880,501.0
Q185,ECU,45_59,0.30579,242.0
Q185,EGY,30_44,0.41781,438.0
Q185,KAZ,30_44,0.38038,418.0
Q185,KEN,18_29,0.43215,678.0
Q185,MEX,60_plus,0.28394,291.9
Q185,NZL,60_plus,0.76171,491.0
Q185,AND,45_59,0.84591,318.0
Q185,BOL,60_plus,0.21401,257.0
Q185,TWN,30_44,0.37284,351.7
Q185,DEU,30_44,0.69103,301.0
Q185,ETH,45_59,0.19608,153.0
Q185,GBR,18_29,0.79264,420.1
Q185,IRQ,30_44,0.19330,388.0
Q185,LBY,18_29,0.27239,268.0
Q185,MEX,30_44,0.47340,524.1
Q185,MMR,30_44,0.05656,389.0
Q185,MNG,45_59,0.30920,388.5
Q185,NZL,30_44,0.79503,161.0
Q185,PER,45_59,0.33236,351.6
Q185,PRI,18_29,0.64563,206.0
Q185,ARG,30_44,0.66719,257.5
Q185,AUS,45_59,0.76211,426.3
Q185,BGD,45_59,0.06667,255.0
Q185,BRA,45_59,0.54408,413.2
Q185,CAN,45_59,0.72101,1055.1
Q185,CHL,30_44,0.53358,319.7
Q185,TUN,30_44,0.33756,394.0
Q185,VEN,45_59,0.42308,260.0
Q185,ZWE,60_plus,0.16092,174.0
Q185,HKG,18_29,0.49318,351.8
Q185,IDN,30_44,0.09170,1196.5
Q185,KGZ,45_59,0.09456,273.3
Q185,LBN,45_59,0.20000,295.0
Q185,MYS,45_59,0.40118,339.0
Q185,NGA,18_29,0.09895,638.4
Q185,ARG,18_29,0.60539,247.9
Q185,ARM,45_59,0.18912,289.2
Q185,CHL,18_29,0.70873,200.1
Q185,CHN,60_plus,0.16519,465.6
Q185,TUN,18_29,0.37676,284.0
Q185,UKR,60_plus,0.44766,304.5
Q185,UZB,45_59,0.27700,213.0
Q185,GRC,45_59,0.73860,292.6
Q185,GTM,45_59,0.32990,194.0
Q185,HKG,30_44,0.41513,505.2
Q185,IDN,18_29,0.10700,872.3
Q185,JPN,45_59,0.64379,306.0
Q185,NGA,30_44,0.13754,445.3
Q185,NIC,45_59,0.26457,223.0
Q185,NLD,60_plus,0.84956,791.0
Q185,ROU,60_plus,0.33558,337.2
Q185,SGP,60_plus,0.12226,508.2
Q185,ARM,60_plus,0.14900,297.6
Q185,CHN,45_59,0.23615,940.8
Q185,TUR,30_44,0.41003,778.0
Q185,UKR,45_59,0.56262,275.5
Q185,URY,30_44,0.69246,261.7
Q185,VNM,30_44,0.52586,464.0
Q185,GRC,60_plus,0.53506,362.2
Q185,JPN,60_plus,0.48250,543.0
Q185,MAC,18_29,0.45296,287.0
Q185,MAR,30_44,0.57173,474.0
Q185,NLD,45_59,0.86096,561.0
Q185,PHL,18_29,0.27578,263.5
Q185,ROU,45_59,0.41893,294.4
Q185,SGP,45_59,0.19358,573.4
Q185,ARM,30_44,0.17732,368.5
Q185,AUS,18_29,0.70156,374.0
Q185,BGD,18_29,0.05405,407.0
Q185,BRA,18_29,0.54628,401.4
Q185,CAN,18_29,0.76197,753.6
Q185,URY,60_plus,0.63163,268.6
Q185,UZB,30_44,0.25000,444.0
Q185,VEN,18_29,0.42056,428.0
Q185,GRC,30_44,0.73325,324.2
Q185,GTM,30_44,0.42165,351.0
Q185,HKG,45_59,0.41853,605.9
Q185,JPN,30_44,0.69091,275.0
Q185,KGZ,18_29,0.07975,322.7
Q185,LBN,18_29,0.40608,362.0
Q185,MYS,18_29,0.38663,419.0
Q185,NIC,30_44,0.36962,395.0
Q185,AUS,60_plus,0.66531,469.0
Q185,BRA,60_plus,0.48576,326.4
Q185,CAN,60_plus,0.74194,1217.5
Q185,TUR,18_29,0.38986,690.0
Q185,URY,18_29,0.72410,214.9
Q185,VNM,18_29,0.52717,368.0
Q185,ZWE,45_59,0.17316,231.0
Q185,KGZ,60_plus,0.08980,158.4
Q185,LBN,60_plus,0.17576,165.0
Q185,MAC,30_44,0.33854,192.0
Q185,MAR,18_29,0.55528,407.0
Q185,PAK,45_59,0.13150,327.0
Q185,PHL,30_44,0.31450,382.3
Q185,CHN,30_44,0.27981,941.2
Q185,TUR,45_59,0.33863,818.0
Q185,UKR,30_44,0.57995,367.9
Q185,URY,45_59,0.71569,210.5
Q185,VNM,45_59,0.50508,295.0
Q185,ZWE,18_29,0.18824,425.0
Q185,HKG,60_plus,0.29603,582.0
Q185,MAR,45_59,0.60268,224.0
Q185,NLD,30_44,0.82000,400.0
Q185,PAK,18_29,0.09839,620.0
Q185,ROU,30_44,0.40487,291.7
Q185,SGP,30_44,0.26857,590.1
Q185,ARG,45_59,0.54693,215.1
Q185,ARM,18_29,0.19637,251.4
Q185,AUS,30_44,0.80431,474.5
Q185,BGD,30_44,0.05605,446.0
Q185,BRA,30_44,0.52933,476.1
Q185,CAN,30_44,0.75162,991.8
Q185,CHL,45_59,0.60696,229.3
Q185,TUN,45_59,0.33654,312.0
Q185,UZB,18_29,0.20833,480.0
Q185,VEN,30_44,0.48794,373.0
Q185,GRC,18_29,0.80851,206.4
Q185,GTM,18_29,0.46791,592.0
Q185,IDN,45_59,0.15211,745.9
Q185,KGZ,30_44,0.09868,400.1
Q185,LBN,30_44,0.30108,372.0
Q185,MYS,30_44,0.39278,471.0
Q185,NIC,18_29,0.35506,445.0
Q185,PHL,60_plus,0.27100,229.1
Q185,COL,45_59,0.25779,353.0
Q185,CYP,30_44,0.50815,242.6
Q185,TJK,30_44,0.02865,349.0
Q185,USA,18_29,0.58928,543.1
Q185,CZE,30_44,0.73150,349.4
Q185,ECU,18_29,0.32905,389.0
Q185,IND,30_44,0.21221,502.0
Q185,IRN,30_44,0.20819,586.0
Q185,JOR,30_44,0.28125,384.0
Q185,KOR,30_44,0.44551,312.0
Q185,MDV,30_44,0.50255,392.0
Q185,RUS,30_44,0.57897,480.1
Q185,SRB,60_plus,0.39357,249.0
Q185,SVK,30_44,0.69581,334.4
Q185,THA,30_44,0.34660,427.2
Q185,BOL,18_29,0.30656,747.0
Q185,COL,30_44,0.39089,417.0
Q185,CYP,45_59,0.34636,226.0
Q185,TJK,45_59,0.04348,345.0
Q185,CZE,45_59,0.70400,265.7
Q185,EGY,18_29,0.48197,305.0
Q185,GBR,60_plus,0.74644,773.4
Q185,IND,45_59,0.18600,317.3
Q185,IRN,45_59,0.19453,329.0
Q185,JOR,45_59,0.17746,355.0
Q185,KAZ,18_29,0.33840,263.0
Q185,KEN,30_44,0.42250,400.0
Q185,KOR,45_59,0.44226,407.0
Q185,MDV,45_59,0.45699,186.0
Q185,PRI,60_plus,0.48500,400.0
Q185,RUS,45_59,0.59858,424.9
Q185,SVK,45_59,0.62843,306.2
Q185,THA,45_59,0.32483,441.9
