question_text,question_type,source,notes,target_AD,target_AM,target_AR,target_AU,target_BD,target_BO,target_BR,target_CA,target_CL,target_CN,target_CO,target_CY,target_CZ,target_DE,target_EC,target_EG,target_ET,target_GB,target_GR,target_GT,target_HK,target_ID,target_IN,target_IQ,target_IR,target_JO,target_JP,target_KE,target_KG,target_KR,target_KZ,target_LB,target_LY,target_MA,target_MM,target_MN,target_MO,target_MV,target_MX,target_MY,target_NG,target_NI,target_NL,target_NZ,target_PE,target_PH,target_PK,target_PR,target_RO,target_RS,target_RU,target_SG,target_SK,target_TH,target_TJ,target_TN,target_TR,target_TW,target_UA,target_US,target_UY,target_UZ,target_VE,target_VN,target_ZW
Most people can be trusted,wvs_seed,WVS Wave 7,wvs_code=Q57;rule=binary_yes=1,0.255744,0.085126,0.201043,0.489365,0.129274,0.085979,0.066479,0.466930,0.131858,0.639795,0.045395,0.067565,0.370389,0.459514,0.058624,0.073517,0.119086,0.452085,0.085268,0.179821,0.365648,0.046381,0.171398,0.112436,0.148396,0.159699,0.355972,0.095847,0.129058,0.329317,0.238916,0.099167,0.092687,0.165000,0.150833,0.260514,0.438017,0.213242,0.105053,0.195735,0.130829,0.042500,0.612056,0.595025,0.041732,0.053399,0.234967,0.178315,0.115518,0.166181,0.235571,0.346219,0.220053,0.305733,0.205833,0.142491,0.142616,0.307918,0.308917,0.371821,0.145690,0.347107,0.142017,0.276667,0.021417
Would not want as neighbours: drug addicts,wvs_seed,WVS Wave 7,wvs_code=Q18;rule=neighbor_mentioned,0.749004,0.956286,0.723295,0.935363,0.814846,0.833333,0.670034,0.897475,0.867806,0.965235,0.702632,0.758579,0.907051,0.697965,0.760000,0.923333,0.920492,0.823145,0.702563,0.626526,0.892225,0.943851,0.898205,0.660833,0.871915,0.964256,0.994052,0.856214,0.892249,0.980723,0.917712,0.584167,0.849498,0.831667,0.979167,0.742223,0.471513,0.908566,0.772700,0.939071,0.906796,0.611667,0.895479,0.802271,0.854441,0.954434,0.525313,0.442768,0.836687,0.960615,0.884096,0.835759,0.929373,0.887569,0.951667,0.673250,0.894912,0.971997,0.679288,0.954332,0.572473,0.876000,0.861345,0.988333,0.867720
Would not want as neighbours: people of different race,wvs_seed,WVS Wave 7,wvs_code=Q19;rule=neighbor_mentioned,0.038845,0.278751,0.027408,0.038534,0.323181,0.052778,0.013797,0.044886,0.069025,0.183967,0.101974,0.156129,0.207312,0.027577,0.060000,0.165000,0.165574,0.018324,0.244417,0.301871,0.109452,0.090864,0.260590,0.318333,0.276184,0.243558,0.147416,0.069862,0.256858,0.151807,0.103448,0.359167,0.084448,0.135000,0.704167,0.205848,0.448835,0.259865,0.114289,0.054836,0.158218,0.197500,0.046670,0.027436,0.069533,0.204934,0.253133,0.092280,0.143681,0.295869,0.156952,0.020948,0.226923,0.321484,0.241667,0.218997,0.418771,0.076435,0.266147,0.031902,0.006275,0.141600,0.078992,0.624167,0.052413
Would not want as neighbours: people with AIDS,wvs_seed,WVS Wave 7,wvs_code=Q20;rule=neighbor_mentioned,0.113546,0.539664,0.039798,0.148424,0.668071,0.223509,0.064007,0.198641,0.152917,0.776680,0.225000,0.396598,0.418327,0.061720,0.180000,0.568333,0.317213,0.046629,0.352265,0.298617,0.417813,0.585980,0.686550,0.539167,0.814543,0.876143,0.530395,0.075548,0.662440,0.928514,0.583072,0.457500,0.268395,0.425833,0.850833,0.475613,0.434696,0.357074,0.199139,0.451637,0.540421,0.264167,0.063685,0.092715,0.289126,0.578455,0.346867,0.120674,0.348332,0.626804,0.539833,0.256943,0.385210,0.488613,0.770833,0.281850,0.737684,0.604759,0.397872,0.131395,0.038684,0.635200,0.310924,0.946667,0.074875
Would not want as neighbours: immigrants/foreign workers,wvs_seed,WVS Wave 7,wvs_code=Q21;rule=neighbor_mentioned,0.026892,0.166169,0.041235,0.088674,0.407567,0.102222,0.025586,0.087605,0.131626,0.262132,0.140789,0.205705,0.339609,0.039396,0.104167,0.200000,0.162295,0.054056,0.258001,0.294548,0.089618,0.165720,0.475376,0.385000,0.418279,0.275977,0.300534,0.069862,0.208866,0.220080,0.213950,0.401667,0.232441,0.231667,0.728333,0.292610,0.460993,0.236486,0.136035,0.505712,0.133832,0.205000,0.208556,0.047304,0.183460,0.167300,0.301754,0.094055,0.231077,0.542747,0.322776,0.112589,0.288345,0.388760,0.197500,0.250000,0.494043,0.216630,0.298346,0.085231,0.032581,0.092000,0.103361,0.527500,0.049917
Would not want as neighbours: homosexuals,wvs_seed,WVS Wave 7,wvs_code=Q22;rule=neighbor_mentioned,0.051793,0.831138,0.085728,0.117539,0.798623,0.290000,0.067767,0.102233,0.277220,0.718780,0.280921,0.401438,0.181266,0.064347,0.315000,0.840000,0.696721,0.041315,0.334337,0.406021,0.239496,0.742834,0.726783,0.550833,,0.937656,0.271483,0.751422,0.733119,0.795984,0.734326,0.476667,0.626254,0.799167,0.913333,0.457574,0.436181,0.854668,0.227558,0.603960,0.890461,0.332500,0.023335,0.075686,0.354963,0.177943,0.411529,0.125111,0.573916,0.626321,0.662042,0.256672,0.400091,0.356562,,0.578534,0.785408,0.415827,0.495176,0.135101,0.046741,0.241600,0.315966,0.760833,0.900998
Would not want as neighbours: people of a different religion,wvs_seed,WVS Wave 7,wvs_code=Q23;rule=neighbor_mentioned,0.038845,0.360086,0.021853,0.033617,0.342061,0.072778,0.025397,0.059435,0.059140,0.313375,0.130921,0.160622,0.097730,0.028234,0.141667,0.134167,0.113934,0.016218,0.216306,0.327095,0.055746,0.160819,0.283352,0.347500,0.338225,0.236076,0.192982,0.038180,0.324477,0.055422,0.095611,0.311667,0.199833,0.236667,0.711667,0.254082,0.446701,0.511561,0.140097,0.067784,0.134082,0.215833,0.025280,0.016083,0.071072,0.125846,0.318797,0.110914,0.066367,0.251681,0.112714,0.020476,0.113963,0.251269,0.264167,0.341442,0.423614,0.045597,0.247339,0.027704,0.027057,0.704000,0.093277,0.500000,0.054077
Would not want as neighbours: heavy drinkers,wvs_seed,WVS Wave 7,wvs_code=Q24;rule=neighbor_mentioned,0.620518,0.824582,0.375015,0.740580,0.798817,0.550000,0.299919,0.795439,0.591242,0.836194,0.397368,0.655238,0.777950,0.732108,0.509167,0.876667,0.772951,0.571033,0.575883,0.573637,0.758391,0.625374,0.850886,0.576667,0.903936,0.921031,0.782080,0.644192,0.731740,0.623293,0.800157,0.500000,0.566890,0.778333,0.937500,0.763911,0.467980,0.873917,0.552862,0.828637,0.771516,0.440000,0.760331,0.631031,0.702799,0.670325,0.564912,0.322094,0.755636,0.878002,0.783065,0.705060,0.786809,0.646145,0.847500,0.691113,0.740803,0.888447,0.690582,0.746079,0.310085,0.256800,0.496639,0.951667,0.651414
Would not want as neighbours: unmarried couples living together,wvs_seed,WVS Wave 7,wvs_code=Q25;rule=neighbor_mentioned,0.015936,0.227539,0.010734,0.024539,0.777021,0.045556,0.012699,0.037982,0.032694,0.399972,0.100658,0.140467,0.026996,0.006566,0.084167,,0.231967,0.008066,0.080451,0.308381,0.065801,0.700794,0.681746,0.513333,0.760507,0.812968,0.204718,0.065800,0.178922,0.080321,0.075235,0.413333,0.387124,0.590000,0.905000,0.152615,0.436548,0.698459,0.111258,0.405941,0.297211,0.181667,0.002917,0.015137,0.058697,0.159660,0.362907,0.101154,0.053832,0.091258,0.040541,0.056623,0.034476,0.271327,0.531667,0.596370,0.577787,0.130552,0.257774,0.054299,0.018233,0.076000,0.057143,0.653333,0.243760
Would not want as neighbours: people who speak a different language,wvs_seed,WVS Wave 7,wvs_code=Q26;rule=neighbor_mentioned,0.017928,0.149326,0.039707,0.100845,0.469370,0.067778,0.064672,0.077675,0.057174,0.192312,0.090132,0.094427,0.118813,0.049245,0.142500,0.256667,0.070847,0.042528,0.135287,0.320586,0.073324,0.104073,0.255321,0.402500,0.313542,0.228595,0.085283,0.026807,0.121801,0.128514,0.040752,0.303333,0.086957,0.169167,0.707500,0.156406,0.423780,0.177264,0.125295,0.041127,0.096373,0.213333,0.107924,0.044465,0.052819,0.321567,0.254637,0.122449,0.059781,0.155620,0.126262,0.019846,0.101324,0.256856,0.122500,0.241768,0.369408,0.070142,0.282400,0.092934,0.042451,0.068910,0.122689,0.498333,0.056572
Confidence: the churches,wvs_seed,WVS Wave 7,wvs_code=Q65;rule=top2of4,,0.718081,0.372448,0.826797,0.904603,0.275657,0.634318,0.743988,0.470227,0.954417,0.388158,0.636663,0.536514,0.580668,0.591561,,0.768974,0.794474,0.814092,0.227014,0.558894,0.893335,0.868669,0.715604,0.924579,0.949082,0.870607,0.588703,0.709607,0.538956,0.824940,0.894078,0.482612,0.580000,0.332500,0.475718,0.675542,0.733591,0.506766,0.745427,0.550579,0.220833,0.621698,0.857576,0.356030,0.765492,0.937973,0.570278,0.721225,0.629812,0.771261,0.833282,0.598662,0.612290,0.887543,0.732548,0.860251,0.644872,0.743301,0.813335,0.542196,0.917874,0.208403,0.931857,0.516639
Confidence: the armed forces,wvs_seed,WVS Wave 7,wvs_code=Q66;rule=top2of4,0.369000,0.121163,0.301703,0.175472,0.715604,0.253089,0.385586,0.426024,0.455400,0.685188,0.153947,0.362079,0.432560,0.369826,0.364478,0.094747,0.406101,0.131566,0.137975,0.201790,0.538174,0.508596,0.657589,0.398261,0.605511,0.328423,0.714939,0.626603,0.451847,0.495582,0.600477,0.204047,0.115318,0.226667,0.571667,0.357768,0.559489,0.259439,0.270192,0.384439,0.547425,0.184167,0.353745,0.279324,0.235514,0.711688,0.561905,0.312500,0.271279,0.200787,0.330096,0.560431,0.349396,0.539541,0.612154,0.235593,0.440017,0.265018,0.314077,0.297417,0.308580,0.682258,0.248739,0.806097,0.317340
Confidence: the press,wvs_seed,WVS Wave 7,wvs_code=Q67;rule=top2of4,0.348651,0.171507,0.327055,0.174667,0.764459,0.261252,0.361139,0.360404,0.575658,0.732205,0.150658,0.447928,0.535464,0.323077,0.393277,0.235445,0.515204,0.247958,0.141906,0.223759,0.480632,0.482552,0.633753,0.459436,0.795850,0.439485,0.665904,0.698324,0.577202,0.573494,0.642289,0.264706,0.113924,0.263333,0.810000,0.516594,0.542406,0.299517,0.275648,0.399390,0.621865,0.190833,0.312755,0.318637,0.266217,0.809431,0.606829,0.303220,0.318458,0.238235,0.420553,0.574345,0.445673,0.602566,0.724809,0.250209,0.493931,0.301574,0.332121,0.225910,0.284512,0.690016,0.309244,0.908027,0.386935
Confidence: television,wvs_seed,WVS Wave 7,wvs_code=Q68;rule=top2of4,0.181448,0.140566,0.187134,0.293858,0.626087,0.152163,0.356099,0.428229,0.499313,0.689466,0.112500,0.366155,0.539155,0.511095,0.300938,0.144847,0.531792,0.395551,0.192201,0.143206,0.426313,0.526050,0.662033,0.341983,0.531780,0.481865,0.499038,0.438267,0.508308,0.416867,0.567921,0.191816,0.155683,0.225833,0.720000,0.354007,0.558736,0.537328,0.202580,0.589939,0.476923,0.111667,0.471373,0.329519,0.143423,0.643534,0.660904,0.218412,0.193274,0.171548,0.377375,0.539281,0.467476,0.558080,0.574153,0.223404,0.472406,0.563605,0.285052,0.332973,0.312837,0.633361,0.104202,0.891587,0.492778
Confidence: labour unions,wvs_seed,WVS Wave 7,wvs_code=Q69;rule=top2of4,0.765000,0.455491,0.301428,0.806934,0.454317,0.151868,0.548982,0.685036,0.474040,0.848160,0.246711,0.524319,0.698081,0.867725,0.528774,,0.587993,0.672984,0.711091,0.144833,0.678527,0.676129,0.668185,0.574188,0.851406,0.931381,0.816577,0.359776,0.490556,0.565462,0.659524,0.555000,0.509322,0.473333,0.603333,0.485980,0.736220,0.622351,0.213191,0.595274,0.270241,0.257500,0.724034,0.877810,0.249382,0.801735,0.433914,0.489705,0.487957,0.423913,0.516696,0.870421,0.527136,0.533472,0.834340,0.469302,0.842720,0.826330,0.388083,0.687572,0.683369,0.827280,0.144538,0.911690,0.504950
Confidence: the police,wvs_seed,WVS Wave 7,wvs_code=Q70;rule=top2of4,0.583249,0.278258,0.195989,0.595637,0.786498,0.143288,0.522118,0.580503,0.307708,0.862982,0.132237,0.517001,0.610068,0.748645,0.409822,,0.642027,0.669583,0.600807,0.139951,0.800826,0.729907,0.745598,0.432874,0.769489,0.798118,0.855519,0.510809,0.400691,0.615261,0.642458,0.343409,0.529665,0.382500,0.596667,0.393093,0.759606,0.413527,0.224641,0.627287,0.435473,0.224167,0.677403,0.714855,0.097143,0.775441,0.640432,0.363063,0.386051,0.297270,0.479532,0.823064,0.393942,0.696316,0.807155,0.468322,0.745394,0.575478,0.218883,0.578187,0.598710,0.805057,0.160504,0.926809,0.524086
Confidence: the courts / justice system,wvs_seed,WVS Wave 7,wvs_code=Q71;rule=top2of4,0.490964,0.347066,0.298586,0.304541,0.820556,0.236739,0.231081,0.461569,0.370645,0.949224,0.119079,0.356865,0.336894,0.454852,0.322091,,0.662551,0.235648,0.131721,0.091131,0.552122,0.791146,0.651449,0.199310,0.520484,0.425220,0.433628,0.455788,0.531568,0.513253,0.701122,0.200000,0.296684,0.210000,0.801667,0.404657,0.687008,0.297193,0.174331,0.501524,0.402558,0.275000,0.304108,0.539246,0.107067,0.815997,0.635667,0.150943,0.209739,0.262027,0.549099,0.815726,0.215682,0.556755,0.908397,0.120777,0.699074,0.530877,0.202794,0.336524,0.542453,0.841592,0.173109,0.946520,0.519868
Confidence: the government,wvs_seed,WVS Wave 7,wvs_code=Q72;rule=top2of4,0.230223,0.112421,0.120916,0.107434,0.449659,0.055365,0.137309,0.235520,0.177925,0.910452,0.051974,0.149776,0.211083,0.242134,0.171285,0.031927,0.313743,0.127857,0.073701,0.067535,0.240849,0.372923,0.422577,0.106272,0.504808,0.106291,0.290620,0.234337,0.333105,0.244980,0.590323,0.131092,0.032558,0.186667,0.682500,0.212241,0.592666,0.115646,0.113194,0.315027,0.328060,0.119167,0.154587,0.216272,0.060330,0.626108,0.452604,0.097385,0.081506,0.101957,0.337450,0.546288,0.162738,0.398660,0.636697,0.070886,0.515280,0.238654,0.190267,0.112804,0.306566,0.672982,0.115966,0.940828,0.291213
Confidence: political parties,wvs_seed,WVS Wave 7,wvs_code=Q73;rule=top2of4,0.374364,0.190811,0.213856,0.278284,0.769297,0.097251,0.161704,0.442714,0.219437,0.926753,0.053947,0.272342,0.356800,0.442084,0.218487,0.093117,0.541905,0.215393,0.144925,0.087063,0.326439,0.514668,0.738071,0.120841,0.648741,0.106195,0.347647,0.369144,0.378965,0.207229,0.664516,0.137931,0.098230,0.200833,0.759167,0.279208,0.642365,0.141473,0.145530,0.422578,0.337183,0.174167,0.299154,0.425181,0.049566,0.696928,0.553156,0.142326,0.129869,0.158333,0.419879,0.727041,0.197428,0.558077,0.855624,0.087986,0.608177,0.311281,0.189326,0.150870,0.452163,0.751034,0.149580,0.944062,0.443522
Confidence: parliament,wvs_seed,WVS Wave 7,wvs_code=Q74;rule=top2of4,0.560561,0.423675,0.187143,0.489872,0.737220,0.110837,0.498626,0.562395,0.350135,0.869548,0.080921,0.461330,0.566029,0.640541,0.148431,0.211921,0.595495,0.512345,0.435264,0.087063,0.571605,0.746657,0.806456,0.332152,0.720027,0.392383,0.491857,0.461290,0.610440,0.564659,0.676518,0.124682,0.306212,0.335000,0.757500,0.413357,0.660750,0.474297,0.167278,0.600305,0.468413,0.155833,0.316905,0.543524,0.082076,0.752269,0.587203,0.192518,0.280551,0.228928,0.601800,0.799142,0.522826,0.614833,0.773261,0.235945,0.629314,0.655342,0.374957,0.419742,0.528675,0.799676,0.160504,0.864772,0.524086
Confidence: the civil service,wvs_seed,WVS Wave 7,wvs_code=Q75;rule=top2of4,0.797508,0.642983,0.783748,0.734398,0.903025,0.520480,0.762909,0.718443,0.666211,0.914089,0.515471,0.792136,0.788423,0.867769,0.740369,0.262712,0.719283,0.748300,0.849573,0.549227,0.749778,0.861984,0.863350,0.368941,0.829054,0.361878,0.669596,0.714171,0.659832,0.652209,0.670654,0.394872,0.400345,0.425000,0.826667,0.495662,0.851232,0.778426,0.609559,0.801067,0.692884,0.490000,0.829914,0.796375,0.586305,0.841589,0.825975,0.798016,0.599816,0.514881,0.705127,0.837119,0.759404,0.801887,0.802255,0.491438,0.704038,0.729447,0.583918,0.545869,0.849324,0.752227,0.613445,0.924255,0.818257
Confidence: universities,wvs_seed,WVS Wave 7,wvs_code=Q76;rule=top2of4,0.502049,0.287761,0.346076,0.588884,0.599647,0.250612,0.264902,0.545347,0.533956,0.595888,0.134211,0.495001,0.543989,0.713230,0.377406,,0.578858,0.528198,0.480016,0.118796,0.416887,0.733771,0.693410,0.155417,0.728916,0.200523,0.460905,0.310680,0.367977,0.642570,0.618400,0.152801,0.200361,0.247500,0.775000,0.342853,0.590909,0.306719,0.202154,0.430640,0.369891,0.244167,0.564574,0.683943,0.167924,0.683110,0.613830,0.232516,0.236119,0.255789,0.439628,0.700230,0.605172,0.588400,0.881239,0.144454,0.609402,0.351011,0.430901,0.393633,0.673321,0.741803,0.205882,0.870830,0.419650
Confidence: elections,wvs_seed,WVS Wave 7,wvs_code=Q77;rule=top2of4,0.476334,0.441303,0.312128,0.363485,0.652565,0.289023,0.557889,0.375309,0.401219,0.715900,0.280921,0.390983,0.548843,0.225342,0.495784,0.331593,0.626571,0.376051,0.334911,0.237592,0.521935,0.614892,0.550062,0.254699,0.519836,0.327254,0.547395,0.525631,0.532510,0.435341,0.541463,0.229041,0.192453,0.278333,0.682500,0.341981,0.714995,0.406008,0.327179,0.622613,0.557533,0.211667,0.308776,0.425647,0.262348,0.674622,0.591825,0.395118,0.287267,0.322741,0.431035,0.601590,0.526572,0.568661,0.569245,0.213463,0.507378,0.620525,0.438505,0.316347,0.503930,0.659751,0.404202,0.846690,0.600837
Confidence: major companies,wvs_seed,WVS Wave 7,wvs_code=Q78;rule=top2of4,0.264000,0.535114,0.325504,0.351099,0.755784,0.479607,0.517804,0.528323,0.452746,0.905319,0.282895,0.205371,0.643405,0.307795,0.546064,0.651466,0.920988,0.545225,0.216475,0.323841,0.822794,0.835766,0.889180,0.272122,0.572672,0.423077,0.708931,0.786517,0.782809,0.712450,0.568896,0.287298,0.284444,0.368333,0.834167,0.464794,0.864758,0.713870,0.354729,0.754962,0.725299,0.340000,0.342842,0.483871,0.330088,0.812802,0.754055,0.487319,0.253238,0.295065,0.447724,0.793408,0.601010,0.799080,0.677476,0.252622,0.424617,0.837590,0.333651,0.445785,0.615268,0.691870,0.426891,0.917376,0.507488
Confidence: banks,wvs_seed,WVS Wave 7,wvs_code=Q79;rule=top2of4,0.688129,0.461231,0.597678,0.586665,0.648474,0.465128,0.628404,0.611848,0.575804,0.808660,0.459868,0.591612,0.484887,0.677509,0.631933,0.148311,0.714908,0.680214,0.479615,0.373474,0.624917,0.808956,0.769662,0.324786,0.763229,0.464164,0.538323,0.620857,0.652056,0.648193,0.611065,0.221649,0.283681,0.441667,0.806667,0.390562,0.742126,0.604878,0.374703,0.774809,0.562606,0.557500,0.516830,0.634837,0.423668,0.789135,0.602076,0.679245,0.334477,0.380468,0.523717,0.721171,0.554260,0.692665,0.609733,0.368893,0.560175,0.725877,0.461166,0.547291,0.677284,0.617128,0.457983,0.896730,0.643404
Confidence: environmental protection movement,wvs_seed,WVS Wave 7,wvs_code=Q80;rule=top2of4,0.716479,0.474512,0.466088,0.671945,0.712066,0.455151,0.672105,0.680067,0.605938,0.845009,0.486184,0.615785,0.524539,0.712926,0.655290,0.232964,0.715455,0.753105,0.495521,0.381611,0.637275,0.790560,0.760959,0.387246,0.758136,0.513369,0.464390,0.613432,0.726714,0.608835,0.682990,0.284974,0.292637,0.376667,0.870833,0.420234,0.728346,0.610516,0.535076,0.742355,0.576145,0.498333,0.545572,0.759494,0.468408,0.844335,0.586982,0.718665,0.425121,0.336488,0.515458,0.670456,0.581770,0.688898,0.703422,0.378049,0.603683,0.788880,0.517649,0.549426,0.710915,0.702431,0.523529,0.914966,0.690955
Confidence: the women's movement,wvs_seed,WVS Wave 7,wvs_code=Q81;rule=top2of4,0.647944,0.558697,0.685004,0.582525,0.625850,0.427975,0.665766,0.601928,0.625100,0.737747,0.405263,0.632055,0.581448,0.662726,0.640809,0.567132,0.747312,0.733336,0.508349,0.406021,0.620541,0.858070,0.741858,0.475455,0.818243,0.534397,0.406520,0.673931,0.713555,0.614458,0.667233,0.284255,0.464801,0.433333,0.932500,0.437494,0.734190,0.726214,0.475303,0.759358,0.669057,0.493333,0.489663,0.694180,0.429316,0.851538,0.648725,0.732611,0.512897,0.378378,0.505711,0.593572,0.627076,0.674485,0.620265,0.430939,0.604651,0.642736,0.585389,0.625155,0.751975,0.666099,0.531092,0.861277,0.791874
Confidence: charitable/humanitarian organizations,wvs_seed,WVS Wave 7,wvs_code=Q82;rule=top2of4,0.498994,0.344719,0.344877,,0.671233,0.215989,0.448226,0.354113,0.497165,,0.143322,0.460862,0.489006,0.477115,0.411877,0.168453,0.619750,0.415218,0.261036,0.121237,0.276826,0.614655,0.588678,0.264966,0.642125,0.239156,0.476886,0.620948,0.682328,0.593574,0.688713,0.142734,0.178373,0.280833,0.791667,0.343526,,0.550050,0.334943,0.599694,0.548631,,0.372496,,0.323195,0.729656,0.492210,0.372793,0.464302,0.200407,0.398640,0.564406,0.501465,0.630078,0.632768,0.138943,0.332312,,0.530182,0.364276,0.424907,0.716275,0.228571,0.897507,0.619048
Confidence: regional/local government,wvs_seed,WVS Wave 7,wvs_code=Q83;rule=top2of4,0.488911,0.355696,0.297051,0.545897,0.763464,0.220938,0.509564,0.571718,0.468989,,0.287691,0.378120,0.572301,0.500357,0.442882,0.037479,0.645089,0.559958,0.312220,0.271766,0.557592,0.682675,0.694791,0.263566,0.463499,0.190531,0.603430,0.676349,0.655179,0.698795,0.650362,0.182759,0.143514,0.294167,0.800833,0.513680,0.744071,0.574219,0.382953,0.556150,0.579048,0.281667,0.511615,0.544134,0.339915,0.737372,0.516678,0.487535,0.432032,0.172378,0.277816,0.536860,0.498235,0.611040,0.666667,0.089391,0.335547,0.510914,0.593773,0.444765,0.473676,0.720808,0.266387,0.902052,0.660035
Confidence: regional integration organization,wvs_seed,WVS Wave 7,wvs_code=Q84;rule=top2of4,0.263320,0.330360,0.171441,0.385558,0.662990,0.195725,0.366918,0.433621,0.411599,,0.217326,0.260843,0.515199,0.302488,0.375445,0.075188,0.536023,0.395767,0.064347,0.209113,0.518562,0.687726,0.622395,0.281026,0.248624,0.188917,0.569054,0.656222,0.660589,0.670683,0.608495,0.165171,0.165414,0.266667,0.702500,0.443769,0.750248,0.537313,0.312967,0.519481,0.564435,0.295000,0.468499,0.427737,0.149759,0.649120,0.479470,0.359121,0.223447,0.149413,0.264785,0.551635,0.512499,0.609660,0.608418,0.097363,0.299091,0.573442,0.360797,0.297658,0.392120,0.673874,0.204753,0.921546,0.618519
Confidence: the United Nations,wvs_seed,WVS Wave 7,wvs_code=Q85;rule=top2of4,0.470588,0.422829,0.210653,0.519214,0.683957,0.256917,0.424436,0.513501,0.504588,,0.229508,0.515639,0.586489,0.669202,0.403038,,0.494673,0.542893,0.396765,0.209113,0.595070,0.628430,0.661070,0.279214,0.302920,0.301501,0.549731,0.622034,0.567761,0.638554,0.631725,0.123201,0.197993,0.298333,0.670000,0.404480,0.753968,0.495272,0.309228,0.592819,0.507345,0.280833,0.674265,0.560294,0.113261,0.632257,0.434903,0.370797,0.402007,0.126474,0.326279,0.601813,0.569816,0.617860,0.580913,0.143008,0.397026,0.609670,0.449331,0.350703,0.450795,0.688748,0.230553,0.943743,0.630996
Confidence: the International Monetary Fund,wvs_seed,WVS Wave 7,wvs_code=Q86;rule=top2of4,0.365226,0.294616,0.289423,0.482247,0.571227,0.141593,0.420206,0.563496,0.385388,,0.177563,0.232240,0.541031,0.514200,0.344595,,0.388985,0.635554,0.238537,0.199349,0.436881,0.539110,0.549880,0.259711,0.115688,0.167241,0.502086,0.531568,0.433823,0.636145,0.566636,0.099907,0.088262,0.277500,0.553333,0.390527,,0.411451,0.278551,0.512232,0.459804,0.211667,0.602417,,,0.531776,0.399671,0.363452,0.412644,0.083070,0.160951,0.435426,0.399815,0.601972,0.342936,0.086188,0.288827,0.558975,0.425568,0.463204,0.357567,0.579190,0.188337,0.884521,0.467708
Confidence: the World Health Organization,wvs_seed,WVS Wave 7,wvs_code=Q88;rule=top2of4,0.694248,0.512610,0.584361,0.698916,0.766857,0.490107,0.541570,0.644052,0.497775,,0.392378,0.593042,0.567536,0.734545,0.621691,,0.776860,0.721169,0.538182,0.372661,0.764224,0.839587,0.752591,0.437008,0.681089,0.470893,0.736203,0.779832,0.746612,0.734940,0.636116,0.187500,0.443463,0.342500,0.912500,0.562529,0.818719,0.784664,0.473175,0.759755,0.758294,0.609167,0.645856,0.686347,,0.830835,0.555004,0.601463,0.483219,0.262668,0.425462,0.698295,0.547941,0.680101,0.738806,0.311475,0.539819,0.767177,0.533489,0.528693,0.698539,0.721485,0.506527,0.955508,0.851982
Confidence: the World Bank,wvs_seed,WVS Wave 7,wvs_code=Q89;rule=top2of4,0.425793,0.447776,0.050468,0.434649,0.651807,0.285000,0.481863,0.471549,0.430355,,0.263617,0.348660,0.503119,0.406986,0.524804,,0.544139,0.502752,0.303320,0.275834,0.601335,0.700376,0.697942,0.348595,0.266725,0.300300,0.567742,0.635097,0.672787,0.710040,0.597415,0.137581,0.224054,0.350000,0.781667,0.472295,0.761858,0.606796,0.376118,0.601377,0.605820,0.465833,0.474274,0.498575,,0.715830,0.489011,0.448435,0.314956,0.200832,0.328162,0.577751,0.500754,0.648105,0.617991,0.208423,0.391203,0.678457,0.476633,0.349664,0.528481,0.674610,0.315032,0.939462,0.670046
Believe in God,wvs_seed,WVS Wave 7,wvs_code=Q165;rule=binary_yes=1,0.641000,0.946510,0.933948,0.568000,0.998333,0.977670,0.974406,0.584761,0.862600,0.169996,0.963816,0.955856,0.253077,0.593031,0.979132,,0.999187,0.526395,0.936980,0.964199,0.529951,0.970394,0.950846,,0.993316,0.996669,0.547988,0.996830,0.971456,0.406426,0.943886,0.995833,0.999162,0.986667,0.989167,0.633354,0.415521,0.999033,0.958848,0.952018,0.989385,0.921667,0.382520,0.565947,0.982264,0.996842,0.985794,0.968694,0.957088,0.874510,0.843129,0.801230,0.705087,0.459503,0.999167,0.997504,0.953197,0.824509,0.840936,0.821399,0.713226,0.981286,0.976471,0.485000,0.998354
Believe in life after death,wvs_seed,WVS Wave 7,wvs_code=Q166;rule=binary_yes=1,0.450050,0.445798,0.634796,0.552470,0.989158,0.748583,0.637072,0.568843,0.681594,0.115610,0.616447,0.676354,0.251552,0.434432,0.703412,0.924759,0.833882,0.503719,0.536540,0.807160,0.406421,0.735615,0.483310,,0.921212,0.926174,0.481236,0.853777,,0.337349,0.611477,0.861953,0.965225,0.961667,0.845000,0.510714,0.301181,0.987427,0.717331,0.818736,0.832014,0.255833,0.386650,0.522236,0.734537,0.840643,0.910112,0.714026,0.723916,0.372570,0.482908,0.699169,0.568040,0.579320,0.762500,0.919032,0.938585,0.572660,0.559055,0.705999,0.487336,0.863167,0.572269,0.340833,0.791391
Believe in hell,wvs_seed,WVS Wave 7,wvs_code=Q167;rule=binary_yes=1,0.267875,0.422588,0.558898,0.312176,0.993317,0.612204,0.688613,0.351894,0.505729,0.117776,0.522368,0.618284,0.122124,0.157343,0.572426,0.998332,0.887613,0.303580,0.502602,0.793328,0.450673,0.697104,0.583254,,0.889262,0.970000,0.281286,0.663629,,0.315663,0.595745,0.858333,0.976371,0.976667,0.907500,0.387489,0.313551,0.995160,0.609940,0.877380,0.856146,0.258333,0.137056,0.237064,0.652885,0.652600,0.922177,0.615870,0.737714,0.313305,0.445628,0.699570,0.447503,0.780640,0.793333,0.984206,0.919714,0.636532,0.548863,0.691128,0.287255,0.900524,0.579832,0.298333,0.703580
Believe in heaven,wvs_seed,WVS Wave 7,wvs_code=Q168;rule=binary_yes=1,0.327968,0.475485,0.734451,0.496254,0.994152,0.868447,0.807618,0.482553,0.661965,0.124858,0.805263,0.668400,0.219700,0.329105,0.846088,0.997498,0.977068,0.453771,0.519710,0.879577,0.485380,0.858233,0.623957,,0.927419,0.992506,0.387571,0.929326,,0.322088,0.645068,0.895833,0.999162,0.979167,0.937500,0.405415,0.347305,0.996120,0.781063,0.896420,0.926870,0.349167,0.271777,0.408813,0.850980,0.960272,0.981199,0.858813,0.774112,0.373262,0.463150,0.727726,0.524366,0.779333,0.865833,0.994176,0.926409,0.632089,0.564957,0.686490,0.524504,0.915444,0.783193,0.301667,0.945319
"Incomes should be made more equal (agree, 6–10 of 10)",wvs_seed,WVS Wave 7,wvs_code=Q106;rule=6-10of10,0.575697,0.891447,0.526896,0.601615,0.281667,0.635551,0.422363,0.525869,0.281397,0.509410,0.571053,0.365903,0.667371,0.542497,0.557983,0.647651,0.598852,0.567007,0.443061,0.737664,0.677505,0.688447,0.739544,0.392500,0.677852,0.819317,0.449491,0.626094,0.852446,0.789558,0.756410,0.530100,0.610251,0.631667,0.582500,0.711526,0.562194,0.453668,0.525058,0.671744,0.767968,0.675000,0.467375,0.603677,0.603576,0.574202,0.710247,0.721677,0.754834,0.583661,0.665237,0.730124,0.541061,0.487788,0.851667,0.636439,0.479678,0.768915,0.577443,0.408923,0.582241,0.734156,0.714286,0.881667,0.606584
Private ownership of business should be increased (6–10 of 10),wvs_seed,WVS Wave 7,wvs_code=Q107;rule=6-10of10,0.365269,0.577012,0.582269,0.376701,0.416667,0.631984,0.357326,0.316873,0.426861,0.489218,0.534211,0.336256,0.499630,0.349083,0.514996,0.598246,0.544613,0.381064,0.314506,0.550291,0.530544,0.646593,0.627726,0.380833,0.526459,0.444730,0.111111,0.380270,0.590154,0.564659,0.489238,0.439127,0.664016,0.520000,0.574167,0.536313,0.411417,0.327220,0.519091,0.455446,0.630505,0.519167,0.409118,0.253506,0.556935,0.602240,0.556877,0.472826,0.505450,0.496350,0.605973,0.372970,0.511907,0.555704,0.780833,0.662185,0.609756,0.405076,0.557302,0.180519,0.434921,0.415333,0.407563,0.318333,0.436364
Government should take more responsibility (6–10 of 10),wvs_seed,WVS Wave 7,wvs_code=Q108;rule=6-10of10,0.309073,0.288599,0.424676,0.443056,0.335833,0.505429,0.236651,0.490135,0.313560,0.482926,0.443421,0.269142,0.468706,0.350958,0.421757,0.079167,0.391770,0.369991,0.217211,0.521162,0.517423,0.420541,0.488168,0.830833,0.268767,0.132721,0.219605,0.361465,0.440243,0.481124,0.400641,0.267500,0.349074,0.385000,0.342500,0.607892,0.445642,0.298651,0.417462,0.466108,0.252564,0.595000,0.401727,0.536660,0.468554,0.525125,0.461036,0.558140,0.486279,0.317025,0.314187,0.409280,0.410743,0.448632,0.432500,0.208819,0.458122,0.482290,0.328626,0.478658,0.473099,0.561056,0.557143,0.510833,0.261944
"Science and technology make life healthier, easier, more comfortable (6–10 of 10)",wvs_seed,WVS Wave 7,wvs_code=Q158;rule=6-10of10,0.832669,0.861078,0.777255,0.762035,0.973333,0.632411,0.628180,0.816767,0.635691,0.933846,0.609211,0.769220,0.696086,0.752312,0.543551,0.835263,0.797286,0.731255,0.890256,0.673823,0.823232,0.833101,0.762635,0.875000,0.812417,0.817726,0.849522,0.754777,0.752790,0.891566,0.762321,0.916667,0.948436,0.881667,0.853333,0.772287,0.825959,0.871373,0.685413,0.875095,0.815103,0.660000,0.835221,0.775828,0.686471,0.667644,0.782985,0.666369,0.810652,0.744848,0.789231,0.800335,0.715528,0.613594,0.883333,0.775701,0.773183,0.784403,0.794359,0.724659,0.684977,0.692370,,0.915833,0.806799
Science and technology give more opportunities to next generation (6–10 of 10),wvs_seed,WVS Wave 7,wvs_code=Q159;rule=6-10of10,0.796610,0.909273,0.823546,0.709763,0.968333,0.745166,0.693275,0.832820,0.679539,0.930041,0.713158,0.765058,0.730397,0.880952,0.697479,0.805730,0.862828,0.742455,0.865929,0.735880,0.765876,0.889974,0.738336,0.863333,0.805910,0.789562,0.859903,0.749007,0.828821,0.840964,0.791534,0.760833,0.923671,0.797500,0.898333,0.804528,0.779195,0.914258,0.779903,0.875095,0.811720,0.767500,0.798112,0.727361,0.753534,0.698165,0.826893,0.758311,0.844130,0.800789,0.830558,0.791051,0.758246,0.599026,0.917500,0.702521,0.790464,0.735003,0.846250,0.732117,0.761876,0.738462,,0.944167,0.806318
More opportunities for next generation because of S&T (6–10 of 10),wvs_seed,WVS Wave 7,wvs_code=Q160;rule=6-10of10,0.626627,0.694188,0.660993,0.279190,0.697500,0.678963,0.303107,0.321925,0.561464,0.462215,0.671711,0.610407,0.507126,0.297973,0.639899,0.320833,0.413617,0.271342,0.623853,0.620116,0.577355,0.294081,0.590633,0.475833,0.504049,0.449958,0.209197,0.562500,0.572248,0.623293,0.560394,0.581667,0.463442,0.606667,0.509167,0.629080,0.454367,0.638380,0.652772,0.645088,0.476683,0.645833,0.206441,0.272994,0.729466,0.473805,0.464012,0.766607,0.552748,0.517137,0.467099,0.538214,0.577931,0.445853,0.355000,0.377926,0.509036,0.451167,0.614010,0.376000,0.659581,0.502949,,0.603333,0.448219
"We depend too much on science, not enough on faith (6–10 of 10)",wvs_seed,WVS Wave 7,wvs_code=Q161;rule=6-10of10,0.510511,0.642548,0.533855,0.238256,0.599167,0.662278,0.409421,0.334225,0.500329,0.381190,0.601316,0.548787,0.474618,0.381019,0.595601,0.476289,0.538669,0.241158,0.474052,0.625521,0.457804,0.364351,0.591420,0.535833,0.296575,0.570319,0.320489,0.566853,0.547687,0.571888,0.599349,0.443590,0.629703,0.451667,0.515833,0.506611,0.383104,0.646377,0.615421,0.597106,0.517957,0.615000,0.262570,0.261084,0.641897,0.472163,0.669478,0.632911,0.525462,0.466599,0.518975,0.478386,0.619172,0.475707,0.302500,0.430728,0.513141,0.441164,0.548506,0.301648,0.419520,0.372054,,0.580833,0.484545
Science and technology are making our lives change too fast (6–10 of 10),wvs_seed,WVS Wave 7,wvs_code=Q162;rule=6-10of10,0.269920,0.308318,0.485898,0.267364,0.329167,0.512364,0.339828,0.327432,0.426498,0.115560,0.476974,0.305101,0.607938,0.178738,0.501689,0.267580,0.171623,0.263680,0.406536,0.440033,0.294387,0.274957,0.540217,0.382500,0.267340,0.365546,0.162479,0.450479,0.287583,0.510843,0.445793,0.712721,0.350136,0.220000,0.337500,0.582212,0.295163,0.361353,0.517997,0.332064,0.388889,0.524167,0.214880,0.293087,0.503201,0.483691,0.583333,0.322142,0.521772,0.435130,0.450095,0.192338,0.595999,0.324597,0.288333,0.282462,0.423370,0.203177,0.514503,0.257771,0.440431,0.323826,,0.456667,0.300166
It is not important for me to know about science in my daily life (6–10 of 10),wvs_seed,WVS Wave 7,wvs_code=Q163;rule=6-10of10,0.706175,0.639087,0.637091,0.824045,0.941667,0.505175,0.560103,0.806533,0.533911,0.932626,0.550658,0.679426,0.665855,0.827152,0.517992,0.540833,0.758913,0.799266,0.871795,0.636364,0.837673,0.822415,0.707416,0.780000,0.694220,0.563439,0.774834,0.678088,0.821756,0.916466,0.810637,0.858696,0.810298,0.820000,0.593333,0.772966,0.781036,0.836381,0.640205,0.745621,0.686814,0.550000,0.836392,0.840467,0.559549,0.614022,0.748348,0.575921,0.697168,0.682178,0.850885,0.689192,0.801431,0.745674,0.888333,0.539683,0.735936,0.746443,0.824276,0.756816,0.644622,0.853739,,0.941667,0.739419
Importance of God in your life (6–10 of 10),wvs_seed,WVS Wave 7,wvs_code=Q164;rule=6-10of10,0.401606,0.910455,0.807070,0.379369,0.981667,0.943826,0.890655,0.445115,0.612920,0.147755,0.934868,0.824856,0.341586,0.423740,0.930833,0.999164,0.979675,0.354992,0.838836,0.867052,0.413733,0.989563,0.844660,,0.941255,0.952381,0.348315,0.916600,0.926399,0.424900,0.767423,0.994167,0.989916,0.918333,0.984167,0.551721,0.278865,0.991338,0.874967,0.883473,0.941519,0.955833,0.293753,0.371859,0.949518,0.954089,0.964123,0.937782,0.887653,0.670862,0.602556,0.631461,0.590029,0.453427,0.958333,0.776020,0.857381,0.576950,0.700972,0.670237,0.606685,0.859852,0.958824,0.553333,0.985997
Importance of living in a democratically governed country (6–10 of 10),wvs_seed,WVS Wave 7,wvs_code=Q250;rule=6-10of10,0.962114,0.885718,0.937093,0.877360,0.920833,0.894944,0.795668,0.912113,0.832323,0.934049,0.839474,0.944019,0.879881,0.969737,0.827586,0.978242,0.942623,0.899038,0.985799,0.747500,0.873339,0.871534,0.885970,0.765833,0.899460,0.842150,0.933607,0.826018,0.821561,0.924498,0.820047,0.686291,0.867057,0.899167,0.931667,0.877201,0.817554,0.769826,0.869769,0.890327,0.803881,0.795833,0.958752,0.945759,0.932130,0.764849,0.873663,0.894309,0.855403,0.781095,0.789180,0.879949,0.882026,0.811435,0.923333,0.802532,0.841371,0.948541,0.862488,0.818583,0.932640,0.869813,0.928571,0.968333,0.923013
Justifiable: claiming government benefits you are not entitled to (6–10),wvs_seed,WVS Wave 7,wvs_code=Q177;rule=6-10of10,0.063190,0.085813,0.353879,0.070787,0.030000,0.429356,0.126406,0.101887,0.378120,0.192551,0.265789,0.072186,0.181665,0.021768,0.332485,0.042870,0.063673,0.053369,0.026364,0.313742,0.152932,0.188901,0.146978,0.247500,0.198775,0.183898,0.044753,0.216019,0.162623,0.137349,0.209825,0.222696,0.162021,0.264167,0.228524,0.172921,0.128180,0.077146,0.389128,0.357197,0.077274,0.294167,0.029082,0.071709,0.232237,0.427768,0.174807,0.145161,0.110333,0.280488,0.275736,0.102448,0.240041,0.063489,0.143333,0.166806,0.078431,0.114595,0.234914,0.118265,0.172896,0.209814,0.275630,0.356667,0.122112
Justifiable: avoiding a fare on public transport (6–10),wvs_seed,WVS Wave 7,wvs_code=Q178;rule=6-10of10,0.050898,0.030515,0.207278,0.085388,0.007500,0.305651,0.251620,0.182035,0.206132,0.035649,0.268421,0.109404,0.306983,0.039344,0.288945,0.020202,0.108660,0.089588,0.110121,0.264511,0.102386,0.144398,0.095982,0.184167,0.116779,,0.015060,0.245514,0.129378,0.097992,0.316599,,0.054148,0.190000,0.167084,0.210753,0.088063,0.142445,0.340161,0.309216,0.063057,0.265000,0.046169,0.075949,0.135681,0.366537,0.089069,0.101164,0.077913,0.269309,0.413147,0.044394,0.246115,0.058787,0.086667,0.075644,0.094221,0.043472,0.245871,0.135751,0.143598,0.481512,0.150420,0.200000,0.112119
Justifiable: stealing property (6–10),wvs_seed,WVS Wave 7,wvs_code=Q179;rule=6-10of10,0.018943,0.014502,0.063923,0.032970,0.004167,0.033430,0.052369,0.082442,0.099765,0.013937,0.036842,0.027640,0.130632,0.002618,0.072864,0.001674,0.049674,0.014630,0.005984,0.111019,0.067998,0.025909,0.063986,0.114167,0.022059,0.029167,0.009023,0.168980,0.048716,0.081124,0.076175,0.045493,0.014555,0.097500,0.003336,0.081126,0.076321,0.024178,0.116896,0.204874,0.039493,0.054167,0.016170,0.023301,0.035335,0.232475,0.062854,0.030439,0.044115,0.214000,0.101961,0.013409,0.095906,0.038228,0.030000,0.033250,0.057404,0.013188,0.068989,0.058543,0.076963,0.089271,0.047059,0.101667,0.068369
Justifiable: cheating on taxes (6–10),wvs_seed,WVS Wave 7,wvs_code=Q180;rule=6-10of10,0.039960,0.057961,0.092938,0.060863,0.002500,0.071569,0.182946,0.119639,0.143993,0.022867,0.076974,0.043674,0.177506,0.022368,0.103623,0.028014,0.055967,0.037677,0.040294,0.116027,0.080147,0.133297,0.078252,0.139167,0.101410,0.089690,0.010534,0.248578,0.091961,0.051406,0.156766,0.116124,0.041415,0.160833,0.014167,0.120250,0.068627,0.028958,0.164074,0.239147,0.039277,0.104167,0.040589,0.042802,0.056982,0.289384,0.083074,0.036705,0.113629,0.238716,0.238876,0.025332,0.125328,0.030180,0.060000,0.064892,0.060543,0.025510,0.174554,0.062259,0.087198,0.215574,0.049580,0.120833,0.083951
Justifiable: someone accepting a bribe (6–10),wvs_seed,WVS Wave 7,wvs_code=Q181;rule=6-10of10,0.014985,0.022847,0.073008,0.032343,0.004167,0.072343,0.051674,0.087206,0.121253,0.036952,0.058553,0.030267,0.152479,0.007218,0.111205,0.003353,0.049020,0.014456,0.026735,0.109817,0.070850,0.061160,0.067079,0.146667,0.025367,0.026711,0.013585,0.195617,0.052279,0.054618,0.087063,0.079167,0.024180,0.144167,0.035000,0.085705,0.080629,0.017324,0.131733,0.204874,0.038571,0.090000,0.021343,0.013632,0.042884,0.275182,0.049587,0.030548,0.064257,0.205466,0.116085,0.018122,0.152699,0.028421,0.031667,0.050707,0.058848,0.018213,0.112108,0.047880,0.058095,0.095980,0.043697,0.133333,0.089786
Justifiable: homosexuality (6–10),wvs_seed,WVS Wave 7,wvs_code=Q182;rule=6-10of10,0.808809,0.033301,0.531087,0.700353,0.010833,0.197340,0.387980,0.755857,0.396006,0.104275,0.304605,0.242383,0.657219,0.753701,0.232841,,0.069194,0.719584,0.361569,0.263071,0.395392,0.036057,0.152374,0.117365,0.040940,0.019247,0.604269,0.183539,0.038092,0.138153,0.098175,0.081376,0.008050,0.129167,0.025855,0.186286,0.440744,0.020231,0.322920,0.281036,0.026823,0.196667,0.908077,0.702381,0.137051,0.316591,0.041340,0.463148,0.127790,0.238047,0.148356,0.198246,0.416114,0.305365,,0.020017,0.081253,0.282493,0.145708,0.536312,0.610267,,0.232773,0.566667,0.070132
Justifiable: prostitution (6–10),wvs_seed,WVS Wave 7,wvs_code=Q183;rule=6-10of10,0.358434,0.029191,0.284427,0.434678,0.015833,0.137984,0.199062,0.395780,0.197243,0.023486,0.184211,0.063768,0.431457,0.371890,0.205656,,0.074529,0.334449,0.262818,0.215539,0.171790,0.027828,0.102306,,,,0.059954,0.187192,0.034296,0.094779,0.112749,,0.009017,0.134167,0.032527,0.104684,0.162745,0.015429,0.232234,0.242955,0.030920,0.136667,0.571196,0.473073,0.087999,0.239954,0.038324,0.185085,0.076162,0.240286,0.174606,0.121443,0.255512,0.096248,0.018333,0.053200,0.066779,0.139654,0.162204,0.215949,0.328276,0.086278,0.156303,0.300000,0.082305
Justifiable: abortion (6–10),wvs_seed,WVS Wave 7,wvs_code=Q184;rule=6-10of10,0.535536,0.067721,0.233287,0.611863,0.059167,0.105108,0.120560,0.650580,0.280475,0.096519,0.116447,0.127803,0.575670,0.426351,0.129739,0.067511,0.066939,0.604081,0.345447,0.183402,0.201900,0.037488,0.159480,0.135000,0.145917,0.050167,0.309179,0.273693,0.053086,0.221687,0.210062,0.085000,0.051510,0.248333,0.005004,0.271327,0.181018,0.156220,0.208058,0.272658,0.037176,0.089167,0.782105,0.676501,0.092635,0.169844,0.063135,0.165622,0.190470,0.287910,0.373797,0.169655,0.430111,0.086022,0.028333,0.133222,0.112426,0.132755,0.304928,0.375410,0.368737,0.177539,0.129412,0.341667,0.075845
Justifiable: divorce (6–10),wvs_seed,WVS Wave 7,wvs_code=Q185;rule=6-10of10,0.840000,0.177133,0.605672,0.733390,0.060833,0.278080,0.529157,0.742589,0.578353,0.243791,0.372368,0.388854,0.683928,0.675316,0.302110,0.431570,0.158109,0.740675,0.687124,0.420182,0.394425,0.116471,0.198620,0.223333,0.208445,0.222222,0.585794,0.422350,0.091198,0.438554,0.359402,0.290620,0.239611,0.563333,0.065943,0.317013,0.402163,0.526062,0.419970,0.389185,0.113534,0.342500,0.846795,0.785282,0.366503,0.283726,0.112126,0.534884,0.388422,0.438008,0.557713,0.245802,0.624668,0.330461,0.035000,0.340532,0.379720,0.328582,0.531482,0.580572,0.687593,0.237469,0.441176,0.522500,0.161583
Justifiable: sex before marriage (6–10),wvs_seed,WVS Wave 7,wvs_code=Q186;rule=6-10of10,0.826305,0.141059,0.599385,0.776876,0.004167,0.246162,0.498893,0.798462,0.609977,0.252612,0.411842,0.525772,0.800705,0.835333,0.244672,,0.085505,0.785011,0.753699,0.280498,0.407141,0.037778,0.105822,,0.103610,0.015075,0.616121,0.319184,0.066859,0.347791,0.364853,0.077824,0.007042,0.156667,0.018364,0.323995,0.466143,0.058880,0.382848,0.299315,0.137831,0.297500,0.907867,0.800817,0.323978,0.272125,0.041200,0.427803,0.427607,0.501031,0.565829,0.260671,0.681971,0.342974,0.020833,0.041632,0.109322,0.331934,0.569519,0.596469,0.678671,0.114167,0.345378,0.568333,0.127378
Justifiable: suicide (6–10),wvs_seed,WVS Wave 7,wvs_code=Q187;rule=6-10of10,0.235000,0.024721,0.120855,0.285130,0.037500,0.091406,0.092541,0.272849,0.189599,0.060263,0.095395,0.041554,0.387574,0.277200,0.117597,0.007531,0.049715,0.306085,0.057266,0.136326,0.151157,0.026580,0.072048,0.100000,0.018024,0.011667,0.110224,0.202803,0.022499,0.093976,0.096831,0.064167,0.008780,0.141667,0.003336,0.087494,0.157171,0.029836,0.148622,0.214014,0.024433,0.063333,0.433277,0.206710,0.054597,0.180269,0.040404,0.071685,0.056737,0.220183,0.138073,0.092022,0.175544,0.097275,0.018333,0.021595,0.061481,0.105623,0.098529,0.182316,0.199695,0.097682,0.078151,0.383333,0.068425
Justifiable: euthanasia (6–10),wvs_seed,WVS Wave 7,wvs_code=Q188;rule=6-10of10,0.539778,0.129577,0.257465,0.638359,0.155833,0.198302,0.210512,0.611877,0.321199,0.306037,0.277632,0.114305,0.587464,0.695973,0.202993,0.041289,0.076043,0.637972,0.164331,0.255213,0.559472,0.084956,0.191159,0.101667,0.176949,0.037288,0.552951,0.311911,0.077070,0.333333,0.251607,0.079014,0.013310,0.170000,0.066778,0.240434,0.412169,0.099710,0.269221,0.309977,0.035563,0.121667,0.791971,0.746146,0.261952,0.228336,0.051099,0.235612,0.100037,0.263485,0.377825,0.302769,0.247333,0.121959,0.045000,0.062448,0.135054,0.542640,0.382001,0.447949,0.484093,0.154043,0.163543,0.446667,0.086022
Justifiable: for a man to beat his wife (6–10),wvs_seed,WVS Wave 7,wvs_code=Q189;rule=6-10of10,0.014985,0.014189,0.054374,0.035359,0.014167,0.055447,0.031571,0.053091,0.096855,0.031457,0.038158,0.019589,0.071158,0.006549,0.076923,0.089001,0.064385,,0.008665,0.080365,0.058211,0.038022,0.073249,0.118333,0.011341,0.034138,0.014296,0.239804,0.059370,0.053815,0.092061,0.050167,0.054243,0.175833,0.010008,0.089621,0.076471,0.011572,0.095531,0.212490,0.057563,0.051667,0.013118,0.008763,0.030114,0.232869,0.075975,0.018800,0.032301,0.218437,0.085003,0.014836,0.090244,0.057475,0.034167,0.061462,0.060392,0.009075,0.066843,0.029667,0.051581,0.130471,0.055462,0.135833,0.088284
Justifiable: parents beating children (6–10),wvs_seed,WVS Wave 7,wvs_code=Q190;rule=6-10of10,0.026919,0.047294,0.077506,0.058621,0.024167,0.103700,0.299299,0.092371,0.124847,0.195311,0.221711,0.022445,0.171547,0.017740,0.183264,0.196653,0.198044,0.031073,0.010078,0.293333,0.205102,0.108721,0.247408,0.180000,0.096796,0.108514,0.017306,0.398863,0.073618,0.078715,0.102905,0.087511,0.169729,0.419167,0.411667,0.182198,0.169774,0.030829,0.177071,0.363290,0.571638,0.334167,0.034291,0.030244,0.042251,0.276327,0.224438,0.122760,0.044376,0.226358,0.096040,0.174682,0.143792,0.095967,0.025833,0.183555,0.080000,0.259744,0.088621,0.075787,0.100599,0.147905,0.191597,0.375000,0.360465
Justifiable: violence against other people (6–10),wvs_seed,WVS Wave 7,wvs_code=Q191;rule=6-10of10,0.010978,0.020394,0.054965,0.049031,0.007500,0.054795,0.051009,0.096929,0.115849,0.028125,0.047368,0.019543,0.083344,0.011819,0.087029,0.010067,0.051303,0.022263,0.008107,0.096346,0.063209,0.040703,0.056391,0.106667,0.060788,0.015820,0.012057,0.181296,0.035756,0.041767,0.073090,0.045833,0.023643,0.112500,0.003336,0.067773,0.069676,0.015429,0.099197,0.212490,0.039104,0.076667,0.020655,0.024438,0.033205,0.248641,0.055951,0.038565,0.023432,0.211423,0.082385,0.023932,0.083580,0.043583,0.025000,0.019087,0.072977,0.017092,0.056173,0.079473,0.064252,0.095238,0.071429,0.165000,0.074196
"Justifiable: terrorism as a political, ideological or religious means (6–10)",wvs_seed,WVS Wave 7,wvs_code=Q192;rule=6-10of10,0.008000,0.019360,0.061009,0.041574,0.014167,0.055098,0.033204,0.070098,0.093012,0.016798,0.055921,,0.074645,0.005902,0.090295,0.000880,0.052975,0.007947,0.002283,0.088723,0.066204,0.044539,0.072527,0.121667,0.048564,0.015050,0.012214,0.166531,0.030715,0.049799,0.055464,0.045188,0.007965,0.067500,0.013344,0.069066,0.122911,0.014465,0.102976,0.196497,0.037087,0.070833,0.008634,0.010806,0.038813,0.258910,0.048012,0.028777,0.021441,0.213427,0.072852,0.016985,0.084088,0.037073,0.034167,0.009151,,0.013501,0.056252,0.041840,0.054613,0.068050,0.046218,0.175833,0.079273
Justifiable: casual sex (6–10),wvs_seed,WVS Wave 7,wvs_code=Q193;rule=6-10of10,0.501505,0.062419,0.432894,0.608962,0.004167,0.105882,0.342208,0.652596,0.375628,0.022368,0.254605,0.181151,0.631170,0.329708,0.154894,,0.053746,0.569689,0.448473,0.240695,0.160645,0.031842,0.076816,,,,0.101415,0.239609,0.035451,0.061847,0.188581,0.073333,0.002655,0.103333,0.006672,0.219039,0.173058,0.028902,0.211080,0.268088,0.122012,0.213333,0.699573,0.525826,0.116667,0.209597,0.053333,0.302158,0.181584,0.398139,0.319120,0.139499,0.490210,0.099049,0.021667,0.010806,0.105108,0.132079,0.254211,0.459263,0.456256,0.080925,0.274790,0.458333,0.100577
Justifiable: political violence (6–10),wvs_seed,WVS Wave 7,wvs_code=Q194;rule=6-10of10,0.022977,0.013916,0.061612,0.054889,0.013333,0.070682,0.051437,0.106461,0.138940,0.026310,0.063158,,0.107686,0.011177,0.117647,0.002740,0.060458,0.017045,0.023226,0.091590,0.091656,0.042185,0.052870,0.143333,0.064935,0.012552,0.013148,0.178250,0.033977,0.063454,0.066275,0.040134,0.014197,0.077500,0.010008,0.084556,0.085378,0.013527,0.119254,0.195735,0.036344,0.091667,0.031024,0.041206,0.044861,0.261363,0.035770,0.041256,0.036427,0.217347,0.112547,0.019340,0.103113,0.073690,0.030833,0.010824,,0.012815,0.081015,0.073947,0.080219,0.069825,0.064706,0.212500,0.075207
Justifiable: death penalty (6–10),wvs_seed,WVS Wave 7,wvs_code=Q195;rule=6-10of10,0.224775,0.162580,0.227853,0.397302,0.155000,0.254990,0.323570,0.441788,0.350426,0.483329,0.303947,0.152059,0.391345,0.134921,0.264805,0.668675,0.124694,0.342328,0.089262,0.435323,0.322480,0.210908,0.299336,0.435833,0.708895,0.476071,0.608230,0.273179,0.098204,0.318876,0.253484,0.253654,0.364937,0.347500,0.263158,0.423996,0.236739,0.698168,0.266489,0.376238,0.121956,0.117500,0.220888,0.345324,0.292757,0.294073,0.270704,0.156951,0.131116,0.389624,0.363626,0.363755,0.202411,0.325324,0.060000,0.239601,0.246389,0.653127,0.355000,0.481992,0.280395,0.174497,0.189916,0.349167,0.165426
